job_id,protein,ligand,hinge_CYS532_min_dist,hinge_CYS532_mean_dist,hinge_CYS532_contacts,hinge_GLN530_min_dist,hinge_GLN530_mean_dist,hinge_GLN530_contacts,hinge_ALA531_min_dist,hinge_ALA531_mean_dist,hinge_ALA531_contacts,gatekeeper_THR529_min_dist,gatekeeper_THR529_mean_dist,gatekeeper_THR529_contacts,dfg_ASP594_min_dist,dfg_ASP594_mean_dist,dfg_ASP594_contacts,dfg_PHE595_min_dist,dfg_PHE595_mean_dist,dfg_PHE595_contacts,dfg_GLY596_min_dist,dfg_GLY596_mean_dist,dfg_GLY596_contacts,p_loop_GLY463_min_dist,p_loop_GLY463_mean_dist,p_loop_GLY463_contacts,p_loop_GLY464_min_dist,p_loop_GLY464_mean_dist,p_loop_GLY464_contacts,p_loop_GLY466_min_dist,p_loop_GLY466_mean_dist,p_loop_GLY466_contacts,c_helix_GLU501_min_dist,c_helix_GLU501_mean_dist,c_helix_GLU501_contacts,c_helix_LYS483_min_dist,c_helix_LYS483_mean_dist,c_helix_LYS483_contacts,v600e_GLU600_min_dist,v600e_GLU600_mean_dist,v600e_GLU600_contacts,a_loop_ASP594_min_dist,a_loop_ASP594_mean_dist,a_loop_ASP594_contacts,a_loop_LEU597_min_dist,a_loop_LEU597_mean_dist,a_loop_LEU597_contacts,a_loop_TRP604_min_dist,a_loop_TRP604_mean_dist,a_loop_TRP604_contacts,selectivity_THR529_min_dist,selectivity_THR529_mean_dist,selectivity_THR529_contacts,selectivity_ILE527_min_dist,selectivity_ILE527_mean_dist,selectivity_ILE527_contacts,selectivity_VAL471_min_dist,selectivity_VAL471_mean_dist,selectivity_VAL471_contacts,centroid_distance,min_dist_to_protein,ligand_radius_gyration_x,hinge_MET769_min_dist,hinge_MET769_mean_dist,hinge_MET769_contacts,hinge_GLN767_min_dist,hinge_GLN767_mean_dist,hinge_GLN767_contacts,hinge_LEU768_min_dist,hinge_LEU768_mean_dist,hinge_LEU768_contacts,gatekeeper_THR790_min_dist,gatekeeper_THR790_mean_dist,gatekeeper_THR790_contacts,dfg_ASP831_min_dist,dfg_ASP831_mean_dist,dfg_ASP831_contacts,dfg_PHE832_min_dist,dfg_PHE832_mean_dist,dfg_PHE832_contacts,dfg_GLY833_min_dist,dfg_GLY833_mean_dist,dfg_GLY833_contacts,p_loop_GLY695_min_dist,p_loop_GLY695_mean_dist,p_loop_GLY695_contacts,p_loop_GLY696_min_dist,p_loop_GLY696_mean_dist,p_loop_GLY696_contacts,p_loop_GLY697_min_dist,p_loop_GLY697_mean_dist,p_loop_GLY697_contacts,c_helix_GLU738_min_dist,c_helix_GLU738_mean_dist,c_helix_GLU738_contacts,c_helix_LYS721_min_dist,c_helix_LYS721_mean_dist,c_helix_LYS721_contacts,a_loop_ASP831_min_dist,a_loop_ASP831_mean_dist,a_loop_ASP831_contacts,a_loop_LEU834_min_dist,a_loop_LEU834_mean_dist,a_loop_LEU834_contacts,a_loop_ARG841_min_dist,a_loop_ARG841_mean_dist,a_loop_ARG841_contacts,selectivity_THR766_min_dist,selectivity_THR766_mean_dist,selectivity_THR766_contacts,selectivity_LEU764_min_dist,selectivity_LEU764_mean_dist,selectivity_LEU764_contacts,selectivity_VAL702_min_dist,selectivity_VAL702_mean_dist,selectivity_VAL702_contacts,ligand_volume,ligand_surface_area,ligand_max_dimension,ligand_radius_gyration_y,ligand_asphericity,ligand_eccentricity,ligand_planarity,pca_variance_pc1,pca_variance_pc2,pca_variance_pc3,pca_axis1_x,pca_axis1_y,pca_axis1_z,shape_complementarity,buried_surface_area,ligand_centroid_x,ligand_centroid_y,ligand_centroid_z,ligand_num_atoms,electrostatic_energy,vdw_energy,total_energy_estimate,ligand_sasa,num_polar_atoms,num_nonpolar_atoms,polar_fraction,total_charge,abs_total_charge,max_positive_charge,max_negative_charge,mol_weight,logp,num_hbd,num_hba,tpsa,num_rotatable_bonds,num_aromatic_rings,formal_charge,num_heavy_atoms,fraction_csp3,vina_affinity,smina_affinity,best_affinity,ligand_efficiency,lipophilic_efficiency,num_hbonds,num_hbonds_lig_donor,num_hbonds_prot_donor,hbond_min_distance,hbond_mean_distance,hbond_max_distance,num_aromatic_interactions,aromatic_min_distance,aromatic_mean_distance,num_hydrophobic_contacts,hydrophobic_min_distance,hydrophobic_mean_distance,hydrophobic_surface_area,num_salt_bridges,salt_bridge_min_distance,salt_bridge_mean_distance,num_halogen_atoms,total_interactions,interaction_density,num_hbd_pharmacophore,num_hba_pharmacophore,num_aromatic_pharmacophore,num_hydrophobic_pharmacophore,num_positive_ionizable,num_negative_ionizable,pharmacophore_span,pharmacophore_radius,pharmacophore_triangular_area,spatial_distribution_x,spatial_distribution_y,spatial_distribution_z,spatial_volume_ratio,molecular_compactness,atom_density
BRAF_afatinib,BRAF,afatinib,,,0.0,,,0.0,,,0.0,,,0.0,,,0.0,,,0.0,,,0.0,,,0.0,,,0.0,,,0.0,,,0.0,,,0.0,,,0.0,,,0.0,,,0.0,,,0.0,,,0.0,,,0.0,,,0.0,7.913076995253135,2.117575500424957,4.8718006385134185,,,,,,,,,,,,,,,,,,,,,,,,,,,,,,,,,,,,,,,,,,,,,,,,,,,,,,,175.75617289266685,227.72932439935013,13.986153903057122,4.8718006385134185,0.5284645890459301,0.9655590343673258,0.9655590343673552,0.6856430593639675,0.2907427315922166,0.0236142090438158,-0.4233862405274229,0.8983336079754037,-0.1172212442944937,12.055555555555555,172.4106048290078,0.1885555555555555,-13.165583333333334,-43.581472222222224,36,0.0,872.5528485775785,872.5528485775785,1304.2384733231097,8,26,0.2352941176470588,-0.002,5.6880000000000015,0.248,-0.486,718.0910000000005,3.8135,6,11,237.81,12,3,0,50,0.21875,-8.38,-8.4,-8.4,-0.168,2.362970588235295,10,5,5,2.9575080726855165,3.136753334714529,3.4566148179975165,0,,,47,3.685775223748729,4.11285218556696,705.0,0,,,1,57,1.5833333333333333,6,11,3,18,5,11,13.986153903057122,4.50723082467456,21.81011352222342,2.8903401034446183,3.764790988554344,1.0985100638316911,706.2741479039998,0.644527560030547,0.0251309536854935
BRAF_axitinib,BRAF,axitinib,,,0.0,,,0.0,,,0.0,,,0.0,,,0.0,,,0.0,,,0.0,,,0.0,,,0.0,,,0.0,,,0.0,,,0.0,,,0.0,,,0.0,,,0.0,,,0.0,,,0.0,,,0.0,,,0.0,8.868194898241587,1.98681101265319,4.728486731972973,,,,,,,,,,,,,,,,,,,,,,,,,,,,,,,,,,,,,,,,,,,,,,,,,,,,,,,123.66768526050006,166.79145085224098,13.486250887477958,4.728486731972973,0.73133417223165,0.9344323766630372,0.9344323766630676,0.8208894481544641,0.1252867817076817,0.0538237701378541,0.7559917328589275,0.6542378241513961,0.0211983324486486,13.6,172.4106048290078,5.093533333333332,-15.996033333333331,-41.25720000000001,30,0.0,1220.2651428342635,1220.2651428342635,1086.8653944359244,6,24,0.2,-3.469446951953614e-18,2.844,0.252,-0.355,386.48,4.639100000000004,2,4,70.67,5,4,0,28,0.0454545454545454,-8.46,-8.4,-8.46,-0.3021428571428571,1.5814882352941133,12,6,6,2.8948196835036213,3.141403850561458,3.4530325802112,32,3.632865260369561,5.150078255470724,64,3.3445473535293235,4.0880486484090905,960.0,0,,,0,108,3.6,2,4,4,4,4,1,13.486250887477958,4.349766579922614,27.26767253479345,3.368252729367096,3.006159459990253,1.405868282118445,705.0390838000002,0.6450668338020303,0.0233587139504686
BRAF_azd3759,BRAF,azd3759,,,0.0,,,0.0,,,0.0,,,0.0,,,0.0,,,0.0,,,0.0,,,0.0,,,0.0,,,0.0,,,0.0,,,0.0,,,0.0,,,0.0,,,0.0,,,0.0,,,0.0,,,0.0,,,0.0,9.910398353426508,2.230581986836618,4.148172892182092,,,,,,,,,,,,,,,,,,,,,,,,,,,,,,,,,,,,,,,,,,,,,,,,,,,,,,,155.2656303738333,185.87265068413623,12.14015967769782,4.148172892182092,0.3666833510151658,0.8999236381343783,0.8999236381343746,0.577788900676768,0.3643880882171619,0.0578230111060701,-0.1088755903848557,0.8742828359619317,-0.4730492876653673,15.87878787878788,172.4106048290078,-0.460454545454545,-18.14418181818182,-42.78251515151515,33,0.0,456.9706817922311,456.9706817922311,1195.5519338795168,8,23,0.2580645161290322,-0.0029999999999999,5.607000000000001,0.415,-0.493,459.90900000000033,4.309200000000003,1,7,79.82,4,3,0,32,0.3181818181818182,-9.56,-9.6,-9.6,-0.3,2.7496235294117604,12,6,6,3.2029445827238407,3.2604414205968597,3.3384454466113413,25,3.96832218954056,5.217642274644006,96,3.447971722621866,4.083812779622995,1440.0,0,,,1,133,4.03030303030303,1,7,3,8,5,3,12.14015967769782,3.9159936673465294,36.57175929934162,2.504799587832649,2.816530193443435,1.7321879336980788,821.7806110079997,0.6451305042618901,0.0352242796680677
BRAF_cediranib,BRAF,cediranib,,,0.0,,,0.0,,,0.0,,,0.0,,,0.0,,,0.0,,,0.0,,,0.0,,,0.0,,,0.0,,,0.0,,,0.0,,,0.0,,,0.0,,,0.0,,,0.0,,,0.0,,,0.0,,,0.0,8.292079048064817,2.4234654938744224,5.211083765269036,,,,,,,,,,,,,,,,,,,,,,,,,,,,,,,,,,,,,,,,,,,,,,,,,,,,,,,170.66486916700006,210.8860908417111,15.968710937329911,5.211083765269036,0.782096182583584,0.9461759107436136,0.9461759107435936,0.8547307883890403,0.0992641053665093,0.0460051062444504,0.4297828870200787,0.8831883408060278,-0.1877898418152128,13.323529411764708,147.78051842486383,1.390676470588235,-13.800411764705878,-43.65726470588235,34,0.0,136.3775898626625,136.3775898626625,1231.7807803607143,7,26,0.2121212121212121,-0.0019999999999996,5.436,0.278,-0.493,450.5140000000004,5.224220000000004,1,6,72.5,8,4,0,33,0.36,-8.31,-8.4,-8.4,-0.2545454545454546,0.95225058823529,13,6,7,2.8638917577310763,3.162188754446097,3.380698300647368,10,4.276257008178995,5.163732709020752,69,3.30032255999319,4.121239824734867,1035.0,0,,,1,92,2.7058823529411766,1,6,4,9,4,3,15.968710937329911,4.764336303292145,35.979115099155415,2.5313384127837595,4.308120677467879,1.479126795440343,722.1813150720002,0.5967089418789088,0.0159466960465699
BRAF_dabrafenib,BRAF,dabrafenib,,,0.0,,,0.0,,,0.0,,,0.0,,,0.0,,,0.0,,,0.0,,,0.0,,,0.0,,,0.0,,,0.0,,,0.0,,,0.0,,,0.0,,,0.0,,,0.0,,,0.0,,,0.0,,,0.0,8.517881457634873,1.6280067567427332,4.363041780643394,,,,,,,,,,,,,,,,,,,,,,,,,,,,,,,,,,,,,,,,,,,,,,,,,,,,,,,208.2707569350001,207.9616017338863,11.60657955644125,4.363041780643394,0.4291937479375867,0.8625003344683533,0.862500334468373,0.6194624986250712,0.2953616150045957,0.0851758863703331,0.9996209009199364,-0.025234036894951,-0.0110135292254201,13.5,246.30086404143972,-0.2163684210526315,-8.425684210526319,-44.117026315789474,38,0.0,9030.327378852828,9030.327378852828,1376.6961662855044,9,26,0.2571428571428571,-0.003,4.897000000000001,0.267,-0.368,519.5740000000002,5.364900000000003,2,7,110.86,5,4,0,35,0.1739130434782608,-9.36,-9.5,-9.5,-0.2714285714285714,1.6203941176470549,15,7,8,2.8586119009057502,3.201866111495749,3.4567762438433896,4,4.256046757261952,4.919386629370905,50,3.3559098617215604,4.104436694978238,750.0,0,,,3,69,1.8157894736842104,2,7,4,4,5,0,11.60657955644125,4.12592905683204,13.234214799236128,3.4332919941213134,2.235388817059552,1.5005587290431122,593.1925505220004,0.7109638178531748,0.0464164814916052
BRAF_erlotinib,BRAF,erlotinib,,,0.0,,,0.0,,,0.0,,,0.0,,,0.0,,,0.0,,,0.0,,,0.0,,,0.0,,,0.0,,,0.0,,,0.0,,,0.0,,,0.0,,,0.0,,,0.0,,,0.0,,,0.0,,,0.0,9.590532900222591,2.1861420356417804,3.889723609861131,,,,,,,,,,,,,,,,,,,,,,,,,,,,,,,,,,,,,,,,,,,,,,,,,,,,,,,136.33619189666658,161.10814515646027,10.060575629654595,3.889723609861131,0.2970143620236952,0.8282997243575699,0.8282997243576089,0.5313429080158074,0.3774253682172487,0.0912317237669437,0.4160012251812153,-0.473567385667344,0.7763226854085387,13.333333333333334,172.4106048290078,1.3003,-17.432933333333335,-42.94266666666668,30,0.0,351.1953077120673,351.1953077120673,1086.8653944359244,7,23,0.2333333333333333,0.001,5.202999999999999,0.258,-0.487,429.90400000000017,3.8269000000000033,1,7,74.73000000000002,10,3,0,30,0.2727272727272727,-7.17,-7.1,-7.17,-0.239,1.445158823529408,12,6,6,3.0135547116320924,3.15797653740479,3.4034260679497628,15,4.089156636765093,5.399867843507626,87,3.4315500870597844,4.092191272746268,1305.0,0,,,0,114,3.8,1,7,3,8,3,4,10.060575629654595,3.724159647243464,21.826320413986966,2.3710979615640797,2.008266681051653,2.3398096408801194,549.0611279999998,0.740347229489755,0.0562670494209918
BRAF_foretinib,BRAF,foretinib,,,0.0,,,0.0,,,0.0,,,0.0,,,0.0,,,0.0,,,0.0,,,0.0,,,0.0,,,0.0,,,0.0,,,0.0,,,0.0,,,0.0,,,0.0,,,0.0,,,0.0,,,0.0,,,0.0,8.294132393497526,2.446866158987862,5.994863689691877,,,,,,,,,,,,,,,,,,,,,,,,,,,,,,,,,,,,,,,,,,,,,,,,,,,,,,,386.0672257350001,346.0313560237315,16.02839024980363,5.994863689691877,0.4073841474932216,0.9372405495906376,0.937240549590669,0.6049227649954937,0.3571126147332963,0.03796462027121,-0.1419034659708407,0.941854646150266,-0.3045869857210243,12.125,172.4106048290078,1.4803750000000002,-14.306916666666666,-43.435166666666674,48,0.0,91.52419808676952,91.52419808676952,1738.9846310974792,10,36,0.217391304347826,-0.0040000000000001,7.951999999999999,0.278,-0.493,632.6639999999998,5.772400000000005,2,8,111.25,12,4,0,46,0.3235294117647059,-9.37,-9.3,-9.37,-0.203695652173913,1.1173058823529356,11,5,6,3.020536707275711,3.3411243804211,3.4845115870090013,13,4.220359344889954,4.951043028783227,90,3.3971878075843827,4.111127691730893,1350.0,0,,,2,114,2.375,2,8,4,13,4,6,16.02839024980363,5.75348927262484,76.16603805130293,3.5766429361495304,4.4196562075636106,1.9006985484874297,1339.1965624719996,0.7179123022282701,0.0222624466415103
BRAF_gefitinib,BRAF,gefitinib,,,0.0,,,0.0,,,0.0,,,0.0,,,0.0,,,0.0,,,0.0,,,0.0,,,0.0,,,0.0,,,0.0,,,0.0,,,0.0,,,0.0,,,0.0,,,0.0,,,0.0,,,0.0,,,0.0,9.868214559356211,2.289517634786857,4.441533097902753,,,,,,,,,,,,,,,,,,,,,,,,,,,,,,,,,,,,,,,,,,,,,,,,,,,,,,,156.44907927249997,193.15290817514077,11.70583209344812,4.441533097902753,0.410819335808507,0.9154325970445492,0.9154325970445402,0.6072128905390015,0.3414366922670371,0.0513504171939612,-0.0628452650635344,0.8401978036368091,-0.5386261443923566,15.71875,221.67077763729577,-0.5083125000000001,-17.944156250000002,-42.92465625,32,0.0,375.81196914680686,375.81196914680686,1159.323087398319,7,23,0.2333333333333333,-0.0039999999999998,5.48,0.278,-0.493,446.9100000000004,4.275600000000003,1,7,68.74000000000001,8,3,0,31,0.3636363636363636,-8.54,-8.6,-8.6,-0.2774193548387096,2.0479294117647013,12,6,6,2.98856587680446,3.2816690923790808,3.430974497136344,26,3.899459577941535,5.250065062751608,96,3.4663147577795077,4.057985586974209,1440.0,0,,,1,134,4.1875,1,7,3,8,4,3,11.70583209344812,4.207694098818804,20.91685397654695,2.579764093351125,2.9736223817653675,2.056599964282295,862.3664889000003,0.7189055959847391,0.0381017115523277
BRAF_lapatinib,BRAF,lapatinib,,,0.0,,,0.0,,,0.0,,,0.0,,,0.0,,,0.0,,,0.0,,,0.0,,,0.0,,,0.0,,,0.0,,,0.0,,,0.0,,,0.0,,,0.0,,,0.0,,,0.0,,,0.0,,,0.0,9.28490808884913,1.366065152179793,5.102170988558229,,,,,,,,,,,,,,,,,,,,,,,,,,,,,,,,,,,,,,,,,,,,,,,,,,,,,,,215.5790130620003,244.56982176893044,14.933887839407394,5.102170988558229,0.440910252276712,0.9430342286845984,0.9430342286845584,0.6272735015177912,0.3369933796425101,0.0357331188396987,-0.3131723372675409,0.8729260335042287,-0.3740631326406818,13.166666666666666,295.56103684972766,0.4496428571428569,-16.961666666666666,-43.05080952380951,42,0.0,64615.54261521916,64615.54261521916,1521.6115522102943,9,31,0.225,-0.001,5.606999999999999,0.265,-0.487,581.0690000000002,6.139100000000005,2,8,106.35,11,5,0,40,0.1724137931034483,-9.48,-9.6,-9.6,-0.24,0.9197235294117584,20,10,10,3.015146596767725,3.208751957272029,3.4868329469591752,21,3.945972883839928,5.221225311323666,107,3.3451150951798354,4.06161817111318,1605.0,0,,,1,148,3.523809523809524,2,8,5,5,4,2,14.933887839407394,4.836191826847888,28.41307838122459,3.0781252165302595,3.6672650226063217,1.7630828686746578,1077.2461038240006,0.6476802127957857,0.0240841882061669
BRAF_osimertinib,BRAF,osimertinib,,,0.0,,,0.0,,,0.0,,,0.0,,,0.0,,,0.0,,,0.0,,,0.0,,,0.0,,,0.0,,,0.0,,,0.0,,,0.0,,,0.0,,,0.0,,,0.0,,,0.0,,,0.0,,,0.0,8.36585078756274,2.3594681604124266,4.961394276444671,,,,,,,,,,,,,,,,,,,,,,,,,,,,,,,,,,,,,,,,,,,,,,,,,,,,,,,219.5821911721667,240.71950617328343,14.515544426579392,4.961394276444671,0.6004875269170886,0.9444957562688684,0.9444957562688676,0.7336583512780596,0.2256204967772222,0.0407211519447182,-0.0367938723275104,0.986580315779253,-0.1590769985763392,12.923076923076923,172.4106048290078,-1.526564102564102,-12.420692307692308,-44.0685641025641,39,0.0,188.367999312418,188.367999312418,1412.9250127667017,9,30,0.2307692307692307,-0.003,5.737,0.278,-0.494,595.7260000000005,4.013800000000002,3,10,141.92,10,4,0,42,0.2758620689655172,-8.96,-9.0,-9.0,-0.2142857142857142,2.6038470588235274,12,6,6,3.144166821273958,3.2918076668560428,3.3969982337351925,8,4.16735767603406,5.153790279146875,83,3.3107035506067275,4.01148626483518,1245.0,0,,,0,103,2.641025641025641,3,10,4,11,7,2,14.515544426579392,4.701514135251856,17.19242824304091,2.2494738278764475,4.1959810756695175,1.396081472071057,715.6996848539995,0.6477902580964059,0.0243537585923616
BRAF_sapitinib,BRAF,sapitinib,,,0.0,,,0.0,,,0.0,,,0.0,,,0.0,,,0.0,,,0.0,,,0.0,,,0.0,,,0.0,,,0.0,,,0.0,,,0.0,,,0.0,,,0.0,,,0.0,,,0.0,,,0.0,,,0.0,7.905298620465366,2.161533020797973,4.8841102421273295,,,,,,,,,,,,,,,,,,,,,,,,,,,,,,,,,,,,,,,,,,,,,,,,,,,,,,,178.9722187663332,228.76939244432955,14.101037302269644,4.8841102421273295,0.5318246220022046,0.9668410264472906,0.9668410264472668,0.6878830813347898,0.2893074217638572,0.0228094969013529,-0.4407812143889813,0.8899170079382832,-0.1173014919937058,12.194444444444445,172.4106048290078,0.2068611111111112,-13.129000000000003,-43.583611111111104,36,0.0,568.9157603673085,568.9157603673085,1304.2384733231097,8,26,0.2352941176470588,-0.002,5.6880000000000015,0.248,-0.486,485.9470000000002,4.389900000000002,2,7,88.61000000000001,8,3,0,34,0.2916666666666667,-8.37,-8.3,-8.37,-0.2461764705882352,1.7645117647058797,10,5,5,2.9474539860700117,3.144864162322752,3.4042943468507523,0,,,48,3.668893838747585,4.132381524933425,720.0,0,,,1,58,1.6111111111111112,2,7,3,10,5,3,14.101037302269644,4.519364862076615,21.657274842972804,2.9229247733579933,3.75977103321761,1.0840504620731393,710.5665010079998,0.6409975046799141,0.0245217067275021
BRAF_sb590885,BRAF,sb590885,,,0.0,,,0.0,,,0.0,,,0.0,,,0.0,,,0.0,,,0.0,,,0.0,,,0.0,,,0.0,,,0.0,,,0.0,,,0.0,,,0.0,,,0.0,,,0.0,,,0.0,,,0.0,,,0.0,8.12446849506574,1.9515463099808856,5.4289640393102125,,,,,,,,,,,,,,,,,,,,,,,,,,,,,,,,,,,,,,,,,,,,,,,,,,,,,,,189.9255449886668,242.7440061678176,16.08931474612887,5.4289640393102125,0.6577581689403121,0.976791142282574,0.976791142282549,0.7718387792935233,0.2102477242970422,0.0179134964094343,-0.2591256439834347,0.9488585495648014,-0.1803367781345528,11.61111111111111,98.5203456165759,0.0351666666666667,-13.626611111111114,-43.656944444444434,36,0.0,1249.2352783988224,1249.2352783988224,1304.2384733231097,7,29,0.1944444444444444,0.001,4.341,0.33,-0.492,453.5460000000002,4.870600000000003,2,6,86.63,7,4,0,34,0.2222222222222222,-8.15,-8.4,-8.4,-0.2470588235294117,1.3058705882352912,8,4,4,2.9566139416569093,3.261555543094391,3.498775071364257,5,5.101435876299921,5.513209888659854,57,3.588447157197665,4.104806991166399,855.0,0,,,0,70,1.9444444444444444,2,6,4,7,5,1,16.08931474612887,4.893997582331098,54.10292796262944,2.581775460371753,4.550260500954116,1.4502466637791207,872.9613175079996,0.6083537626745236,0.0165078774293677
BRAF_sorafenib,BRAF,sorafenib,,,0.0,,,0.0,,,0.0,,,0.0,,,0.0,,,0.0,,,0.0,,,0.0,,,0.0,,,0.0,,,0.0,,,0.0,,,0.0,,,0.0,,,0.0,,,0.0,,,0.0,,,0.0,,,0.0,7.390340727839423,1.980344919452164,5.649382976602536,,,,,,,,,,,,,,,,,,,,,,,,,,,,,,,,,,,,,,,,,,,,,,,,,,,,,,,130.62275122300005,202.8032609574127,16.39155017074346,5.649382976602536,0.8472254530664812,0.973516729905457,0.9735167299054502,0.8981503020443152,0.0780637409211437,0.023785957034541,-0.2595049874343006,0.9433343038921788,-0.2068273497315611,13.4,197.0406912331518,-0.4309999999999998,-13.228028571428572,-42.9998,35,0.0,1351.8963507744925,1351.8963507744925,1268.0096268419118,7,24,0.2258064516129032,-0.0019999999999999,5.55,0.417,-0.457,637.0360000000003,6.791420000000006,4,6,146.72,6,4,0,43,0.1071428571428571,-9.77,-9.8,-9.8,-0.227906976744186,0.4144623529411708,16,7,9,2.9356144160975903,3.2060809706012314,3.4410900889107805,12,4.526023751594769,5.286892225998431,53,3.504924820877052,4.087092993473457,795.0,0,,,3,81,2.3142857142857145,4,6,4,5,4,3,16.39155017074346,5.179784355010031,34.892277939910734,2.0291827066932284,5.06441097681071,1.4661810997086466,816.8921711999998,0.6320066498963831,0.0151778179741748
EGFR_azd3759,EGFR,azd3759,,,,,,,,,,,,,,,,,,,,,,,,,,,,,,,,,,,,,,,,,,,,,,,,,,,,,,,,,,10.421632060821551,2.3538228480495302,4.079154116566742,2.946826598223925,7.674167796908768,5.0,4.338107767218332,8.823769538608628,0.0,4.691051907621572,9.17219918745435,0.0,,,0.0,2.708350051230453,5.55251014059432,19.0,3.791865108360263,9.371312403531933,2.0,5.832530925764561,10.242498169025234,0.0,6.382056486744692,8.557372850389683,0.0,,,0.0,5.940693057211428,9.502189135573602,0.0,3.2641553271865,8.47166086089256,1.0,3.0331584198653387,6.208791938388723,11.0,2.708350051230453,5.55251014059432,19.0,8.677629284545407,12.783630849973894,0.0,,,0.0,3.33330601655474,7.635499888330988,6.0,4.470066442459217,9.583205738258386,0.0,3.6505553002248825,5.606667155876216,3.0,146.88250235416652,180.1876319572952,11.666088547580976,4.079154116566742,0.3453696263927407,0.9138802852050418,0.9138802852050688,0.5635797509285025,0.3878849216573365,0.0485353274141609,0.7335967942979079,-0.5848424524147028,0.3461142141683712,10.575757575757576,49.26017280828795,24.22578787878788,2.215424242424242,52.24872727272728,33,0.0,38.81423658219996,38.81423658219996,1195.5519338795168,8,23,0.2580645161290322,-0.0029999999999999,5.607000000000001,0.415,-0.493,459.90900000000033,4.309200000000003,1,7,79.82,4,3,0,32,0.3181818181818182,-9.24,-9.2,-9.24,-0.28875,2.48491764705882,8,3,5,3.113540749693185,3.259994906426422,3.4490998825780603,1,5.851817239114701,5.851817239114701,67,3.382419400370095,4.086343445704032,1005.0,0,,,1,76,2.303030303030303,1,7,3,8,5,3,11.666088547580976,3.8927318778800153,27.968257898920644,2.8325692990273814,2.4176249681629765,1.6646738377910235,585.8688450779998,0.6673585344399248,0.039695338721386
EGFR_dabrafenib,EGFR,dabrafenib,,,,,,,,,,,,,,,,,,,,,,,,,,,,,,,,,,,,,,,,,,,,,,,,,,,,,,,,,,10.320833989514147,1.9278086004580424,4.227864855965089,3.0173533104361483,8.529738953086618,5.0,5.136916682213175,9.606871580379185,0.0,3.739317852229199,9.99237182561503,1.0,,,0.0,1.9278086004580424,5.169790189419831,47.0,3.57822945044054,9.020090475182249,6.0,5.045636728897553,9.7383044937583,0.0,5.023123928393565,8.528656394593977,0.0,,,0.0,4.739601354544498,9.116269898770364,0.0,3.2322359134196867,8.170538922114725,5.0,2.9054146003625707,5.91662810679573,20.0,1.9278086004580424,5.169790189419831,47.0,7.903048715527444,12.186107158233938,0.0,,,0.0,3.751315769166868,8.256998650318588,2.0,4.402185479963333,9.662274930273837,0.0,3.000485794000695,5.762947636070908,3.0,190.6783848451668,199.05948912093373,10.727258596677904,4.227864855965089,0.3978757051736721,0.8738875105952669,0.8738875105952696,0.5985838034491087,0.3259273029805725,0.0754888935703189,0.6187717468162086,-0.6027043858644345,0.5038540945569394,11.105263157894736,98.5203456165759,24.604289473684208,2.868289473684211,51.7905,38,0.0,3248.865131294893,3248.865131294893,1376.6961662855044,9,26,0.2571428571428571,-0.003,4.897000000000001,0.267,-0.368,519.5740000000002,5.364900000000003,2,7,110.86,5,4,0,35,0.1739130434782608,-9.5,-9.7,-9.7,-0.2771428571428571,1.767452941176466,12,5,7,2.9494923291983666,3.1624789547631287,3.36905609926579,31,3.668084786370132,4.968525449015343,61,3.000485794000695,4.028468591396092,915.0,0,,,3,104,2.736842105263158,2,7,4,4,5,0,10.727258596677904,3.9954324689566154,15.38338796491958,2.744283147773268,2.5380232663266726,1.9753959463198367,691.9080512800002,0.7449121195221208,0.0587920662961216
EGFR_foretinib,EGFR,foretinib,,,,,,,,,,,,,,,,,,,,,,,,,,,,,,,,,,,,,,,,,,,,,,,,,,,,,,,,,,12.168714624470311,2.7546694901566675,5.503511171146789,5.11757491396071,12.684363341001385,0.0,5.621923958930786,12.778311591877218,0.0,6.338676991297157,13.91678042802394,0.0,,,0.0,3.105111914247217,5.249642629256857,18.0,5.430026703433418,8.135723192951161,0.0,3.685985349943756,7.600921563122163,2.0,5.933690504230903,10.16213034350555,0.0,,,0.0,6.480862134006556,9.17993712637545,0.0,3.4723971547045114,6.632513082718909,4.0,2.8889766354195383,4.96924473128497,28.0,3.105111914247217,5.249642629256857,18.0,3.4135239855609614,9.06561196604675,2.0,,,0.0,3.166525698616707,10.375590806262878,8.0,3.0290112248058776,8.751651450052469,4.0,2.7546694901566675,7.407092304628326,7.0,326.5097564631668,299.56120454791267,14.958777557006451,5.503511171146789,0.5480358935510327,0.9278403944981708,0.9278403944981592,0.6986905957006886,0.2508921665457035,0.0504172377536078,0.6233224346529641,0.6189297634655903,-0.4779069892298393,9.770833333333334,24.630086404143974,28.672833333333333,4.383520833333331,49.73672916666666,48,0.0,-86.91442545961128,-86.91442545961128,1738.9846310974792,10,36,0.217391304347826,-0.0040000000000001,7.951999999999999,0.278,-0.493,632.6639999999998,5.772400000000005,2,8,111.25,12,4,0,46,0.3235294117647059,-10.1,-10.2,-10.2,-0.2217391304347826,1.7275999999999945,7,3,4,3.105111914247217,3.209976275491325,3.3612241817528283,65,3.44070472432611,4.765376820461521,101,3.4135239855609614,4.083722856130937,1515.0,0,,,2,173,3.6041666666666665,2,8,4,13,4,6,14.958777557006451,5.302703637299783,43.97427169786182,3.5535438199852774,3.388319894564164,2.486010825093615,1438.5722668400003,0.7089755318697257,0.0273876205884134
EGFR_gefitinib,EGFR,gefitinib,,,,,,,,,,,,,,,,,,,,,,,,,,,,,,,,,,,,,,,,,,,,,,,,,,,,,,,,,,11.256357107585114,2.189760032514977,4.064954749949946,2.189760032514977,6.706963409217476,15.0,3.5533053626166167,7.947374472839077,1.0,4.149735654231483,7.858527114507831,0.0,,,0.0,2.8100583623832445,6.525915503704304,10.0,3.966735811722277,10.11416531296376,2.0,5.903888633773505,11.25073749820909,0.0,4.163723573917942,8.15853423759327,0.0,,,0.0,5.713984774218428,9.810057765183709,0.0,3.2631472538026824,9.028461055034017,2.0,3.448929834020982,6.813732919468347,8.0,2.8100583623832445,6.525915503704304,10.0,8.775835344854643,13.931473793466957,0.0,,,0.0,3.382418513430889,6.951518665468903,7.0,3.541307385698112,9.348827277538012,2.0,3.568083519201869,5.219383700548749,7.0,139.03893537500005,169.07163177891772,12.810446596430587,4.064954749949946,0.4558069552118187,0.8868949205908576,0.8868949205909191,0.6372046368079157,0.2907242821460903,0.0720710810459938,0.9528257483106868,-0.1390637926514765,0.2697857574624114,10.84375,49.26017280828795,23.66478125,0.88321875,52.4953125,32,0.0,166.75661904858788,166.75661904858788,1159.323087398319,7,23,0.2333333333333333,-0.0039999999999998,5.48,0.278,-0.493,446.9100000000004,4.275600000000003,1,7,68.74000000000001,8,3,0,31,0.3636363636363636,-8.54,-8.5,-8.54,-0.2754838709677419,2.003811764705878,2,1,1,3.138348291697402,3.138348291697402,3.138348291697402,1,5.82870294319414,5.82870294319414,63,3.448929834020982,4.08323739512858,945.0,0,,,1,66,2.0625,1,7,3,8,4,3,12.810446596430587,3.817165252977033,18.875190060584316,3.1496457214897102,1.9480400203533903,1.6759263191870193,569.4528102000002,0.5959456954514952,0.0290709045375559
EGFR_lapatinib,EGFR,lapatinib,,,,,,,,,,,,,,,,,,,,,,,,,,,,,,,,,,,,,,,,,,,,,,,,,,,,,,,,,,10.409780058087792,2.361292230961678,5.313739771944575,2.5637226839110325,9.240655144502918,8.0,4.271921581677269,10.433717172530796,0.0,3.74706244943956,10.707885677218968,2.0,,,0.0,3.227232405637996,5.442540969651269,30.0,5.142935154170234,9.365927237354734,0.0,3.56787121404347,9.649111290255233,2.0,4.686234522513781,8.828023212141996,0.0,,,0.0,6.6094505066609,9.258147545759371,0.0,3.826370212093961,8.545550180358921,1.0,2.361292230961678,6.2296763877367125,19.0,3.227232405637996,5.442540969651269,30.0,3.716025968692901,11.569419234585908,2.0,,,0.0,3.207486554921159,9.138020152313496,4.0,5.8176181552246975,10.039386165980847,0.0,2.762823736686795,6.260377478327415,4.0,189.9824323403334,240.75112618625815,15.98804994362977,5.313739771944575,0.668297426146373,0.9661732288713956,0.9661732288714074,0.7788649507642693,0.1947885628061452,0.0263464864295854,0.6360623777743845,0.6926866785925806,-0.3400144362823066,9.952380952380953,123.15043202071988,24.977166666666665,3.394261904761904,51.28366666666667,42,0.0,63.18960595522623,63.18960595522623,1521.6115522102943,9,31,0.225,-0.001,5.606999999999999,0.265,-0.487,581.0690000000002,6.139100000000005,2,8,106.35,11,5,0,40,0.1724137931034483,-9.22,-9.2,-9.22,-0.2305,0.6403117647058769,8,4,4,3.170466684890414,3.286961330559836,3.423113495050958,43,3.650750744709913,4.82390124617252,80,3.3854744128408365,4.096864386332327,1200.0,0,,,1,131,3.119047619047619,2,8,5,5,4,2,15.98804994362977,4.911432888466018,40.00488014182137,3.4643806215931066,3.44716329934604,2.085896080900834,1162.8478971999991,0.6143879842485623,0.0196274635431718
EGFR_motesanib,EGFR,motesanib,,,,,,,,,,,,,,,,,,,,,,,,,,,,,,,,,,,,,,,,,,,,,,,,,,,,,,,,,,10.979618583305898,2.16578900172662,4.176670365287468,5.493333050161806,9.961872932775982,0.0,6.144606334013599,10.614477139290711,0.0,6.269668173037548,11.150192828113074,0.0,,,0.0,3.0534575484194963,4.678522429243134,27.0,4.418883456259058,8.607484813111535,0.0,6.079155039970606,8.857379270012961,0.0,5.240721038177854,8.388337988809221,0.0,,,0.0,5.542836187368346,8.365530462350765,0.0,3.525592148845351,7.494614156719016,2.0,2.16578900172662,5.095920322381373,21.0,3.0534575484194963,4.678522429243134,27.0,6.448405306740573,10.987564114235076,0.0,,,0.0,3.480025718295775,8.881822014050138,3.0,5.476357365986992,9.237625989076102,0.0,3.479574974044959,5.599273824513743,5.0,105.23438988199996,153.79148116097804,11.43715545929144,4.176670365287468,0.4999594945025107,0.9554440870543032,0.95544408705432,0.6666396630016908,0.3036575982074684,0.0297027387908407,0.4013618437389162,0.7202501701200099,-0.5658165452093058,10.193548387096774,49.26017280828795,25.80567741935484,3.392548387096775,50.73564516129032,31,0.0,232.8018279808171,232.8018279808171,1123.094240917122,6,25,0.1935483870967742,-0.002,3.772,0.259,-0.384,569.4480000000003,2.1869000000000014,9,7,234.45999999999995,5,3,0,38,0.2272727272727272,-9.02,-9.0,-9.02,-0.2373684210526315,4.445452941176469,10,5,5,3.19935524754598,3.2484619441948,3.313396746542742,42,3.6057028441068137,4.4762394049679965,70,3.5904889639156394,4.098745876931202,1050.0,0,,,0,122,3.935483870967742,9,7,3,6,5,1,11.43715545929144,3.955669990986713,30.87643793916751,2.448711279060844,2.5219702338770604,2.2556716408885498,584.2313264000003,0.6917226936481243,0.0395739133633229
EGFR_osimertinib,EGFR,osimertinib,,,,,,,,,,,,,,,,,,,,,,,,,,,,,,,,,,,,,,,,,,,,,,,,,,,,,,,,,,10.80399474558435,2.147401452919317,5.416172680736907,2.718196644836427,11.23767692909083,9.0,4.49900844631348,12.179453895710507,0.0,4.071596983985521,12.768386461010005,0.0,,,0.0,3.263847269711009,5.081999290865553,26.0,5.586943171359453,9.02687569292827,0.0,4.0176493127200645,8.689496045585068,0.0,6.232289306506875,9.378222135899795,0.0,,,0.0,5.665174401551994,8.8744439765135,0.0,3.469284652489616,7.998478701039646,1.0,2.147401452919317,5.630007273781758,31.0,3.263847269711009,5.081999290865553,26.0,5.313117822898337,10.133496952461355,0.0,,,0.0,4.789880269902372,10.558395262562453,0.0,6.932231242536561,10.065231084830236,0.0,3.7653001208403007,6.90111734970868,2.0,180.45239484950008,242.1450949115699,17.020446557009013,5.416172680736907,0.7188384670209841,0.9681549903872098,0.968154990387168,0.81255897801396,0.1615650735201926,0.0258759484658473,0.6100604494458484,0.6670922126076325,-0.4275678050323508,10.384615384615383,98.5203456165759,26.34738461538461,4.768564102564103,50.21964102564102,39,0.0,471.2816248931946,471.2816248931946,1412.9250127667017,9,30,0.2307692307692307,-0.003,5.737,0.278,-0.494,595.7260000000005,4.013800000000002,3,10,141.92,10,4,0,42,0.2758620689655172,-9.07,-9.0,-9.07,-0.2159523809523809,2.655317647058822,14,7,7,3.0679287801381574,3.2814421592285377,3.485526789453784,51,3.6236274642959634,4.725350574289396,74,3.568859761884738,4.086134568864366,1110.0,0,,,0,139,3.5641025641025643,3,10,4,11,7,2,17.020446557009013,4.943115743176498,39.33655710059679,3.3540435116008904,3.611895871194573,2.2448890497074423,1444.16143488,0.5808444245713312,0.0151061270815701
EGFR_plx-4720,EGFR,plx-4720,,,,,,,,,,,,,,,,,,,,,,,,,,,,,,,,,,,,,,,,,,,,,,,,,,,,,,,,,,10.470860509616836,1.9603981738412248,3.820659587831398,4.401823712962618,8.43134768839231,0.0,5.356192117540222,9.118475537260762,0.0,5.829794764826632,9.780339841045624,0.0,,,0.0,3.4651956654711418,4.946703073960172,18.0,5.428944096230869,8.689807285532053,0.0,6.646035961383298,9.454980448040358,0.0,5.411987620089318,8.689203102747515,0.0,,,0.0,6.561833966201832,9.254888203866544,0.0,3.849990259727937,7.711773391218289,2.0,2.587966189887339,5.467253332642884,12.0,3.4651956654711418,4.946703073960172,18.0,8.837371837825993,11.971243376303004,0.0,,,0.0,3.480960930547776,7.606452831465141,5.0,3.4004461471989216,9.037682888826945,4.0,3.096285193582786,5.455912121619275,9.0,115.3848846616666,150.41893510052128,11.175448939528112,3.820659587831398,0.4783535538381903,0.877983861503091,0.8779838615030912,0.6522357025587937,0.2681810156251639,0.0795832818160424,-0.5018021535287401,0.7906760479393999,-0.3507506036044001,10.310344827586206,73.89025921243191,25.10037931034483,2.506620689655173,52.00951724137931,29,0.0,817.4231295669405,817.4231295669405,1050.636547954727,7,19,0.2692307692307692,1.249000902703301e-16,4.116,0.232,-0.345,413.833,3.877200000000002,2,4,91.92,6,3,0,27,0.1764705882352941,-8.78,-8.8,-8.8,-0.3259259259259259,2.593388235294116,8,4,4,2.699590339292244,3.033459721958732,3.33753591740973,19,4.160751494622095,5.168791111852128,52,3.4004461471989216,4.0662623309952,780.0,0,,,2,79,2.7241379310344827,2,4,3,4,3,1,11.175448939528112,3.630806543425722,5.45661970953427,2.307493018090728,2.6335591547639297,1.5288171361904697,485.5515412019999,0.6497826732639582,0.0396829947695034
EGFR_sapitinib,EGFR,sapitinib,,,,,,,,,,,,,,,,,,,,,,,,,,,,,,,,,,,,,,,,,,,,,,,,,,,,,,,,,,11.499107670857995,2.2707597847416627,4.552796358344567,4.622683852482236,9.577015376282796,0.0,5.809783989099767,10.349165950547963,0.0,5.673157410120047,10.591240718207391,0.0,,,0.0,3.228139247306414,5.663920135350655,18.0,4.398995680834433,9.42918245961507,0.0,4.466249433249334,9.785771426850332,0.0,4.572313528182423,7.797671064911335,0.0,,,0.0,4.00008974899314,8.101364572181403,0.0,3.2983583795579263,8.07705597018852,1.0,2.2707597847416627,5.576473097948171,22.0,3.228139247306414,5.663920135350655,18.0,5.583513678679401,12.055341879420254,0.0,,,0.0,3.5256156909113057,8.708776352281966,4.0,3.67840481730872,9.37442965095732,1.0,3.523268227086889,5.311196634747964,11.0,206.06046400216675,227.0885069989941,12.298849173804838,4.552796358344567,0.2987847243961873,0.9229184007209794,0.9229184007209792,0.5325231495974637,0.4264291143784623,0.0410477360240738,0.2064928875056368,-0.6520844610561787,0.7294837510586907,9.416666666666666,98.5203456165759,25.201361111111115,2.6486944444444447,50.51138888888889,36,0.0,210.44728389205503,210.44728389205503,1304.2384733231097,8,26,0.2352941176470588,-0.002,5.6880000000000015,0.248,-0.486,485.9470000000002,4.389900000000002,2,7,88.61000000000001,8,3,0,34,0.2916666666666667,-8.6,-8.6,-8.6,-0.2529411764705882,1.933629411764703,4,2,2,3.163420458933654,3.238114543032811,3.312808627131967,12,4.083042982874415,5.094292506281251,71,3.523268227086889,4.0580523415597005,1065.0,0,,,1,87,2.4166666666666665,2,7,3,10,5,3,12.298849173804838,4.29296247941583,17.529791219531454,2.956155190190064,2.387537967347261,2.5077407414928703,683.7569419500002,0.6981079967318171,0.0369581693927373
EGFR_sb590885,EGFR,sb590885,,,,,,,,,,,,,,,,,,,,,,,,,,,,,,,,,,,,,,,,,,,,,,,,,,,,,,,,,,10.767727834784536,2.361347284920197,5.354689763609668,2.461585464695466,9.110465449929816,16.0,4.579387404446146,10.145278189320631,0.0,3.1488493136382365,10.340611876325609,2.0,,,0.0,3.25602610554645,5.682009264283482,18.0,5.947573118508085,9.483718442179008,0.0,5.189916087953642,9.847599814215007,0.0,6.29573800280793,8.755500005959943,0.0,,,0.0,6.603564870583161,9.18720849975969,0.0,4.73106087468762,8.49954205790906,0.0,2.361347284920197,6.027578505458124,18.0,3.25602610554645,5.682009264283482,18.0,4.566504790318302,11.824855572896409,0.0,,,0.0,2.986552862415132,8.771954292591632,7.0,5.022073774846402,9.648921558340932,0.0,3.7883347264992286,5.9312324190056485,5.0,156.57623702816673,212.88807475078275,16.816286807734933,5.354689763609668,0.7330343445127272,0.9741354555073316,0.9741354555073104,0.8220228963418008,0.1567158558817569,0.0212612477764422,0.5115251422851899,0.7458122931167136,-0.4267388572020429,10.444444444444445,49.26017280828795,25.077083333333334,2.8947222222222218,51.24341666666666,36,0.0,54.098771981293446,54.098771981293446,1304.2384733231097,7,29,0.1944444444444444,0.001,4.341,0.33,-0.492,453.5460000000002,4.870600000000003,2,6,86.63,7,4,0,34,0.2222222222222222,-10.21,-10.5,-10.5,-0.3088235294117647,2.8499882352941137,6,3,3,2.8761197819284203,3.046309325424529,3.2762553319300367,52,3.390775869915323,4.603037924703117,84,3.390775869915323,4.069844407651332,1260.0,0,,,0,142,3.9444444444444446,2,6,4,7,5,1,16.816286807734933,4.816111998736457,22.8279886340313,3.074558092682228,3.737466310595924,2.291536728134395,1129.49419044,0.5727913722928663,0.0144581777959599
EGFR_sorafenib,EGFR,sorafenib,,,,,,,,,,,,,,,,,,,,,,,,,,,,,,,,,,,,,,,,,,,,,,,,,,,,,,,,,,11.03293355640093,2.3235793509153067,5.7660611668271295,2.3235793509153067,10.552880907909232,11.0,4.787295060887727,11.583549983419593,0.0,3.961527609395143,11.993955561248836,1.0,,,0.0,2.840268473225726,5.405936436419238,22.0,5.772012214124291,9.14184837249143,0.0,3.630296544361078,8.853160719820972,1.0,6.2210569841466645,9.181861180781777,0.0,,,0.0,6.549933816459526,9.15768918619155,0.0,3.2940130540117782,7.80682789073231,5.0,2.376386121824478,5.677692486328396,21.0,2.840268473225726,5.405936436419238,22.0,4.01993084517632,10.781188825562626,0.0,,,0.0,4.564821354664386,10.059498571301177,0.0,5.480021989006978,9.659335807791674,0.0,3.52744794433596,6.730603792073074,1.0,168.81223275033338,223.1913332657948,17.14015102033818,5.7660611668271295,0.8136863010153048,0.975850766096956,0.9758507660969444,0.8757908673435294,0.1030594541508318,0.0211496785056387,0.825235295777676,0.4131188586173925,-0.3851227275264269,9.714285714285714,49.26017280828795,26.250800000000005,3.771114285714286,50.52428571428572,35,0.0,116.36965036265084,116.36965036265084,1268.0096268419118,7,24,0.2258064516129032,-0.0019999999999999,5.55,0.417,-0.457,637.0360000000003,6.791420000000006,4,6,146.72,6,4,0,43,0.1071428571428571,-9.28,-9.3,-9.3,-0.2162790697674418,0.0468152941176409,6,2,4,3.190321927329592,3.259334594750378,3.2940130540117782,62,3.685343538939079,4.897843042282524,52,3.5544847727905653,4.109821898783426,780.0,0,,,3,120,3.4285714285714284,4,6,4,5,4,3,17.14015102033818,5.342372709143699,31.03161161579525,4.555154228532146,2.737733210120358,2.2367047646217486,1189.1754823200004,0.6233752203005143,0.0132747236753223
