structural_feature,transcriptomic_feature,base_r2,interaction_r2,r2_improvement,f_statistic,p_value,p_adjusted,significant_fdr
logp,PARVA (55742),0.9823327507733915,0.9840412090483581,0.0017084582749665733,2475.0969817774085,1.1102230246251565e-16,1.1937881985216736e-16,True
fraction_csp3,IKZF1 (10320),0.9823327507733915,0.9839133183607228,0.001580567587331272,2271.6134650091954,1.1102230246251565e-16,1.1937881985216736e-16,True
fraction_csp3,PARVA (55742),0.9823327507733915,0.9840172740082757,0.0016845232348841055,2436.766870099998,1.1102230246251565e-16,1.1937881985216736e-16,True
fraction_csp3,CNN3 (1266),0.9823327507733915,0.9838448809010563,0.0015121301276647126,2164.0477137610114,1.1102230246251565e-16,1.1937881985216736e-16,True
fraction_csp3,CD151 (977),0.9823327507733915,0.9830279280784243,0.0006951773050327681,946.9968879830664,1.1102230246251565e-16,1.1937881985216736e-16,True
fraction_csp3,FAM114A1 (92689),0.9823327507733915,0.9848993942194785,0.0025666434460869247,3929.6964198664396,1.1102230246251565e-16,1.1937881985216736e-16,True
fraction_csp3,PTTG1IP (754),0.9823327507733915,0.9850144334537688,0.002681682680377273,4137.347986080312,1.1102230246251565e-16,1.1937881985216736e-16,True
fraction_csp3,GNA11 (2767),0.9823327507733915,0.9848155961965518,0.0024828454231602404,3780.4175209321465,1.1102230246251565e-16,1.1937881985216736e-16,True
logp,IKZF1 (10320),0.9823327507733915,0.9829728831227817,0.0006401323493901989,869.1935355011815,1.1102230246251565e-16,1.1937881985216736e-16,True
spatial_distribution_x,CUEDC1 (404093),0.9823327507733915,0.9824015095328275,6.875875943590515e-05,90.33175436962806,1.1102230246251565e-16,1.1937881985216736e-16,True
spatial_distribution_x,BCAR1 (9564),0.9823327507733915,0.9826759923005227,0.0003432415271311662,458.07784462664904,1.1102230246251565e-16,1.1937881985216736e-16,True
logp,WAS (7454),0.9823327507733915,0.9842029736104078,0.001870222837016211,2737.1956547659383,1.1102230246251565e-16,1.1937881985216736e-16,True
spatial_distribution_x,TJP1 (7082),0.9823327507733915,0.982385254102926,5.2503329534436816e-05,68.91254554152694,1.1102230246251565e-16,1.1937881985216736e-16,True
logp,NCKAP1 (10787),0.9823327507733915,0.9846923012893027,0.0023595505159111907,3563.749781000374,1.1102230246251565e-16,1.1937881985216736e-16,True
spatial_distribution_x,ARHGAP29 (9411),0.9823327507733915,0.9834961129676675,0.0011633621942759298,1629.733279133956,1.1102230246251565e-16,1.1937881985216736e-16,True
logp,PHLDB1 (23187),0.9823327507733915,0.9843353736925601,0.0020026229191685285,2955.745064226948,1.1102230246251565e-16,1.1937881985216736e-16,True
logp,SNX21 (90203),0.9823327507733915,0.9846714579546172,0.002338707181225641,3527.4659435875296,1.1102230246251565e-16,1.1937881985216736e-16,True
spatial_distribution_x,SNX21 (90203),0.9823327507733915,0.982840562523179,0.0005078117497874235,684.2070243236599,1.1102230246251565e-16,1.1937881985216736e-16,True
spatial_distribution_x,PHLDB1 (23187),0.9823327507733915,0.9827820148695562,0.0004492640961646366,603.2637282838137,1.1102230246251565e-16,1.1937881985216736e-16,True
spatial_distribution_x,NCKAP1 (10787),0.9823327507733915,0.9830124063866846,0.0006796556132930842,925.006692355676,1.1102230246251565e-16,1.1937881985216736e-16,True
spatial_distribution_x,WAS (7454),0.9823327507733915,0.9830007926900652,0.0006680419166736895,908.5793726668506,1.1102230246251565e-16,1.1937881985216736e-16,True
logp,ERRFI1 (54206),0.9823327507733915,0.9844544520089308,0.0021217012355392306,3155.484296458781,1.1102230246251565e-16,1.1937881985216736e-16,True
spatial_distribution_x,PARVA (55742),0.9823327507733915,0.9832615574783926,0.0009288067050010618,1282.9157188253153,1.1102230246251565e-16,1.1937881985216736e-16,True
spatial_distribution_x,CNN3 (1266),0.9823327507733915,0.9829927132253078,0.0006599624519162406,897.1643796238643,1.1102230246251565e-16,1.1937881985216736e-16,True
logp,FAM114A1 (92689),0.9823327507733915,0.9838411601583708,0.0015084093849792035,2158.225796066868,1.1102230246251565e-16,1.1937881985216736e-16,True
spatial_distribution_x,FAM114A1 (92689),0.9823327507733915,0.9826294169138438,0.0002966661404522064,394.8584300961336,1.1102230246251565e-16,1.1937881985216736e-16,True
logp,WFS1 (7466),0.9823327507733915,0.983653876214164,0.0013211254407724526,1868.6032597602439,1.1102230246251565e-16,1.1937881985216736e-16,True
spatial_distribution_x,GNA11 (2767),0.9823327507733915,0.9830814129538221,0.0007486621804305704,1023.0800931726922,1.1102230246251565e-16,1.1937881985216736e-16,True
logp,TEAD1 (7003),0.9823327507733915,0.9839843147365692,0.0016515639631776713,2384.1726532834973,1.1102230246251565e-16,1.1937881985216736e-16,True
logp,CUEDC1 (404093),0.9823327507733915,0.9840512402741377,0.0017184895007461565,2491.195424608675,1.1102230246251565e-16,1.1937881985216736e-16,True
logp,BCAR1 (9564),0.9823327507733915,0.9838967743797921,0.0015640236064005109,2245.5268672756674,1.1102230246251565e-16,1.1937881985216736e-16,True
logp,RAPH1 (65059),0.9823327507733915,0.9843919798553386,0.0020592290819470005,3050.3148979403213,1.1102230246251565e-16,1.1937881985216736e-16,True
logp,CD151 (977),0.9823327507733915,0.9839140356467129,0.0015812848733213203,2272.7456973208136,1.1102230246251565e-16,1.1937881985216736e-16,True
abs_total_charge,CUEDC1 (404093),0.9823327507733915,0.984151585292224,0.0018188345188324684,2653.353969515562,1.1102230246251565e-16,1.1937881985216736e-16,True
abs_total_charge,BCAR1 (9564),0.9823327507733915,0.9840153708507406,0.0016826200773490951,2433.724037327025,1.1102230246251565e-16,1.1937881985216736e-16,True
abs_total_charge,RAPH1 (65059),0.9823327507733915,0.9841860777546207,0.0018533269812291975,2709.569399744522,1.1102230246251565e-16,1.1937881985216736e-16,True
abs_total_charge,TJP1 (7082),0.9823327507733915,0.9843575473606102,0.002024796587218658,2992.7082520686454,1.1102230246251565e-16,1.1937881985216736e-16,True
abs_total_charge,PTPN7 (5778),0.9823327507733915,0.9827209890693726,0.0003882382959810027,519.4781946210327,1.1102230246251565e-16,1.1937881985216736e-16,True
abs_total_charge,ARHGAP29 (9411),0.9823327507733915,0.9832980501309218,0.0009652993575302027,1336.2344708874944,1.1102230246251565e-16,1.1937881985216736e-16,True
abs_total_charge,WFS1 (7466),0.9823327507733915,0.9853169115429425,0.002984160769550992,4698.861359706348,1.1102230246251565e-16,1.1937881985216736e-16,True
abs_total_charge,ERRFI1 (54206),0.9823327507733915,0.9844249393338376,0.0020921885604460178,3105.6957371987237,1.1102230246251565e-16,1.1937881985216736e-16,True
abs_total_charge,SNX21 (90203),0.9823327507733915,0.9850698157849672,0.002737065011575668,4238.456951114687,1.1102230246251565e-16,1.1937881985216736e-16,True
abs_total_charge,PHLDB1 (23187),0.9823327507733915,0.9843499458020406,0.0020171950286490548,2980.024763648748,1.1102230246251565e-16,1.1937881985216736e-16,True
abs_total_charge,NCKAP1 (10787),0.9823327507733915,0.9835189696806934,0.0011862189073018614,1664.0574409168132,1.1102230246251565e-16,1.1937881985216736e-16,True
abs_total_charge,WAS (7454),0.9823327507733915,0.9829067607564292,0.0005740099830376932,776.3953115452977,1.1102230246251565e-16,1.1937881985216736e-16,True
abs_total_charge,IKZF1 (10320),0.9823327507733915,0.9844453712068387,0.0021126204334471765,3140.1446521676485,1.1102230246251565e-16,1.1937881985216736e-16,True
abs_total_charge,PARVA (55742),0.9823327507733915,0.9840582190427242,0.0017254682693326195,2502.4071334239025,1.1102230246251565e-16,1.1937881985216736e-16,True
abs_total_charge,CNN3 (1266),0.9823327507733915,0.9839684681637482,0.001635717390356617,2358.962727412509,1.1102230246251565e-16,1.1937881985216736e-16,True
abs_total_charge,CD151 (977),0.9823327507733915,0.983670412630122,0.0013376618567304543,1893.9083656611804,1.1102230246251565e-16,1.1937881985216736e-16,True
abs_total_charge,FAM114A1 (92689),0.9823327507733915,0.9837735485076605,0.0014407977342689726,2052.8976179434662,1.1102230246251565e-16,1.1937881985216736e-16,True
abs_total_charge,PTTG1IP (754),0.9823327507733915,0.9839162493342337,0.001583498560842167,2276.240628660957,1.1102230246251565e-16,1.1937881985216736e-16,True
abs_total_charge,GNA11 (2767),0.9823327507733915,0.984699614900123,0.0023668641267314827,3576.5046600344667,1.1102230246251565e-16,1.1937881985216736e-16,True
num_negative_ionizable,TEAD1 (7003),0.9823327507733915,0.983722313386348,0.0013895626129564187,1973.6642174083252,1.1102230246251565e-16,1.1937881985216736e-16,True
num_negative_ionizable,CUEDC1 (404093),0.9823327507733915,0.9842520061377982,0.0019192553644066246,2817.7039192009975,1.1102230246251565e-16,1.1937881985216736e-16,True
num_negative_ionizable,BCAR1 (9564),0.9823327507733915,0.9834255657492991,0.001092814975907519,1524.388818394386,1.1102230246251565e-16,1.1937881985216736e-16,True
num_negative_ionizable,RAPH1 (65059),0.9823327507733915,0.9836755407715634,0.0013427899981718339,1901.76619778333,1.1102230246251565e-16,1.1937881985216736e-16,True
logp,GNA11 (2767),0.9823327507733915,0.9849725695018977,0.0026398187285061603,4061.4134938617885,1.1102230246251565e-16,1.1937881985216736e-16,True
num_negative_ionizable,PTPN7 (5778),0.9823327507733915,0.9836370097769295,0.001304259003537922,1842.8458216200436,1.1102230246251565e-16,1.1937881985216736e-16,True
num_negative_ionizable,ARHGAP29 (9411),0.9823327507733915,0.9846801673488562,0.002347416575464667,3542.6151486511967,1.1102230246251565e-16,1.1937881985216736e-16,True
num_negative_ionizable,WFS1 (7466),0.9823327507733915,0.9843133996019371,0.0019806488285455393,2919.217660547123,1.1102230246251565e-16,1.1937881985216736e-16,True
num_negative_ionizable,ERRFI1 (54206),0.9823327507733915,0.9845619705665504,0.002229219793158821,3338.480590415338,1.1102230246251565e-16,1.1937881985216736e-16,True
num_negative_ionizable,SNX21 (90203),0.9823327507733915,0.9837112194144374,0.001378468641045849,1956.573410364787,1.1102230246251565e-16,1.1937881985216736e-16,True
num_negative_ionizable,PHLDB1 (23187),0.9823327507733915,0.9834320915324654,0.001099340759073808,1534.0957731381354,1.1102230246251565e-16,1.1937881985216736e-16,True
num_negative_ionizable,NCKAP1 (10787),0.9823327507733915,0.9840361068694845,0.0017033560960929561,2466.9165985826457,1.1102230246251565e-16,1.1937881985216736e-16,True
logp,ARHGAP29 (9411),0.9823327507733915,0.9846511347174755,0.0023183839440839016,3492.1823731326317,1.1102230246251565e-16,1.1937881985216736e-16,True
logp,PTPN7 (5778),0.9823327507733915,0.9841523357893392,0.0018195850159477,2654.5745170704554,1.1102230246251565e-16,1.1937881985216736e-16,True
ligand_surface_area,ARHGAP29 (9411),0.9823327507733915,0.983582149841698,0.001249399068306456,1759.4329452834177,1.1102230246251565e-16,1.1937881985216736e-16,True
ligand_surface_area,WFS1 (7466),0.9823327507733915,0.9835457536989496,0.0012130029255580377,1704.400622537876,1.1102230246251565e-16,1.1937881985216736e-16,True
logp,TJP1 (7082),0.9823327507733915,0.9837941753336318,0.001461424560240232,2084.937763326221,1.1102230246251565e-16,1.1937881985216736e-16,True
ligand_surface_area,SNX21 (90203),0.9823327507733915,0.983537865786571,0.0012051150131794364,1692.5058891803887,1.1102230246251565e-16,1.1937881985216736e-16,True
ligand_surface_area,PHLDB1 (23187),0.9823327507733915,0.9840651055687889,0.0017323547953973506,2513.4802770414026,1.1102230246251565e-16,1.1937881985216736e-16,True
ligand_surface_area,NCKAP1 (10787),0.9823327507733915,0.9829424364833798,0.0006096857099882058,826.3743881821725,1.1102230246251565e-16,1.1937881985216736e-16,True
num_hydrophobic_pharmacophore,CD151 (977),0.9823327507733915,0.9838938820340799,0.0015611312606883532,2240.9717117114983,1.1102230246251565e-16,1.1937881985216736e-16,True
fraction_csp3,WAS (7454),0.9823327507733915,0.9832621665857494,0.0009294158123578367,1283.80376658655,1.1102230246251565e-16,1.1937881985216736e-16,True
ligand_surface_area,PARVA (55742),0.9823327507733915,0.982987577841473,0.0006548270680813983,889.9145385040222,1.1102230246251565e-16,1.1937881985216736e-16,True
ligand_surface_area,CNN3 (1266),0.9823327507733915,0.9835196932721125,0.0011869424987209776,1665.1456203779505,1.1102230246251565e-16,1.1937881985216736e-16,True
ligand_surface_area,CD151 (977),0.9823327507733915,0.9824909990658068,0.00015824829241528615,208.96112430346807,1.1102230246251565e-16,1.1937881985216736e-16,True
ligand_surface_area,FAM114A1 (92689),0.9823327507733915,0.9840065186324006,0.0016737678590090788,2419.5803284383915,1.1102230246251565e-16,1.1937881985216736e-16,True
ligand_surface_area,PTTG1IP (754),0.9823327507733915,0.9833308725719753,0.0009981217985837176,1384.3901597666902,1.1102230246251565e-16,1.1937881985216736e-16,True
ligand_surface_area,GNA11 (2767),0.9823327507733915,0.9836010481512516,0.0012682973778600504,1788.1042426721867,1.1102230246251565e-16,1.1937881985216736e-16,True
num_heavy_atoms,TEAD1 (7003),0.9823327507733915,0.9843130777780569,0.0019803270046653276,2918.6834549238074,1.1102230246251565e-16,1.1937881985216736e-16,True
num_heavy_atoms,CUEDC1 (404093),0.9823327507733915,0.9835502952211286,0.001217544447737029,1711.254275385933,1.1102230246251565e-16,1.1937881985216736e-16,True
num_heavy_atoms,BCAR1 (9564),0.9823327507733915,0.9832435220234754,0.0009107712500838749,1256.6501941183153,1.1102230246251565e-16,1.1937881985216736e-16,True
num_heavy_atoms,RAPH1 (65059),0.9823327507733915,0.9840719327964965,0.0017391820231049682,2524.467523927991,1.1102230246251565e-16,1.1937881985216736e-16,True
num_heavy_atoms,TJP1 (7082),0.9823327507733915,0.9827162412468267,0.0003834904734351108,512.9844654995621,1.1102230246251565e-16,1.1937881985216736e-16,True
num_heavy_atoms,PTPN7 (5778),0.9823327507733915,0.98317770653884,0.0008449557654484074,1161.2790694842583,1.1102230246251565e-16,1.1937881985216736e-16,True
num_heavy_atoms,ARHGAP29 (9411),0.9823327507733915,0.9844465554952272,0.0021138047218356437,3142.144182521193,1.1102230246251565e-16,1.1937881985216736e-16,True
num_heavy_atoms,WFS1 (7466),0.9823327507733915,0.9846929232176429,0.0023601724442513516,3564.8339449100845,1.1102230246251565e-16,1.1937881985216736e-16,True
num_heavy_atoms,ERRFI1 (54206),0.9823327507733915,0.9841985672148983,0.0018658164415067402,2729.9851041550814,1.1102230246251565e-16,1.1937881985216736e-16,True
num_heavy_atoms,SNX21 (90203),0.9823327507733915,0.9842444553049421,0.0019117045315505399,2805.2732942525267,1.1102230246251565e-16,1.1937881985216736e-16,True
num_heavy_atoms,PHLDB1 (23187),0.9823327507733915,0.9840403392147324,0.0017075884413408904,2473.7019974913446,1.1102230246251565e-16,1.1937881985216736e-16,True
num_heavy_atoms,NCKAP1 (10787),0.9823327507733915,0.9835635492844108,0.0012307985110192599,1731.2777598496768,1.1102230246251565e-16,1.1937881985216736e-16,True
num_heavy_atoms,WAS (7454),0.9823327507733915,0.9836591240037815,0.0013263732303899767,1876.628223218381,1.1102230246251565e-16,1.1937881985216736e-16,True
num_heavy_atoms,IKZF1 (10320),0.9823327507733915,0.9831460189592484,0.000813268185856808,1115.6272462597258,1.1102230246251565e-16,1.1937881985216736e-16,True
num_heavy_atoms,PARVA (55742),0.9823327507733915,0.9832798846473138,0.0009471338739222013,1309.664120323398,1.1102230246251565e-16,1.1937881985216736e-16,True
num_heavy_atoms,CNN3 (1266),0.9823327507733915,0.9835981265626201,0.0012653757892285844,1783.6674791240787,1.1102230246251565e-16,1.1937881985216736e-16,True
num_heavy_atoms,CD151 (977),0.9823327507733915,0.9843990703944073,0.0020663196210157775,3062.2091660973083,1.1102230246251565e-16,1.1937881985216736e-16,True
num_heavy_atoms,FAM114A1 (92689),0.9823327507733915,0.9839612300013487,0.0016284792279571692,2347.4642851998956,1.1102230246251565e-16,1.1937881985216736e-16,True
num_heavy_atoms,PTTG1IP (754),0.9823327507733915,0.9837171022253475,0.001384351451955923,1965.6332682407133,1.1102230246251565e-16,1.1937881985216736e-16,True
num_heavy_atoms,GNA11 (2767),0.9823327507733915,0.9840972642672332,0.0017645134938416573,2565.3166010651153,1.1102230246251565e-16,1.1937881985216736e-16,True
ligand_volume,TEAD1 (7003),0.9823327507733915,0.9826028069496817,0.00027005617629016765,358.8911600721926,1.1102230246251565e-16,1.1937881985216736e-16,True
num_negative_ionizable,TJP1 (7082),0.9823327507733915,0.9826352429647812,0.00030249219138966943,402.74790201470324,1.1102230246251565e-16,1.1937881985216736e-16,True
ligand_volume,BCAR1 (9564),0.9823327507733915,0.9830210844112762,0.0006883336378846749,937.2962380743614,1.1102230246251565e-16,1.1937881985216736e-16,True
ligand_volume,RAPH1 (65059),0.9823327507733915,0.9834445152183191,0.0011117644449275543,1552.5968768468613,1.1102230246251565e-16,1.1937881985216736e-16,True
ligand_volume,TJP1 (7082),0.9823327507733915,0.9824303846643605,9.763389096895114e-05,128.4772327725974,1.1102230246251565e-16,1.1937881985216736e-16,True
num_negative_ionizable,WAS (7454),0.9823327507733915,0.9845500901221877,0.002217339348796199,3318.1349373298253,1.1102230246251565e-16,1.1937881985216736e-16,True
spatial_distribution_x,CD151 (977),0.9823327507733915,0.9830256720875292,0.0006929213141376733,943.7982384616769,1.1102230246251565e-16,1.1937881985216736e-16,True
ligand_volume,WFS1 (7466),0.9823327507733915,0.9837703147287157,0.0014375639553241282,2047.8818961388333,1.1102230246251565e-16,1.1937881985216736e-16,True
ligand_volume,ERRFI1 (54206),0.9823327507733915,0.9825567993912098,0.00022404861781821772,296.9640813134981,1.1102230246251565e-16,1.1937881985216736e-16,True
abs_total_charge,TEAD1 (7003),0.9823327507733915,0.9846317644927592,0.002299013719367693,3458.640204123427,1.1102230246251565e-16,1.1937881985216736e-16,True
ligand_volume,PHLDB1 (23187),0.9823327507733915,0.9832697624886277,0.0009370117152361912,1294.8836405660936,1.1102230246251565e-16,1.1937881985216736e-16,True
ligand_volume,NCKAP1 (10787),0.9823327507733915,0.9832424766561714,0.0009097258827798216,1255.129530678254,1.1102230246251565e-16,1.1937881985216736e-16,True
ligand_surface_area,RAPH1 (65059),0.9823327507733915,0.9825567753183606,0.00022402454496905921,296.93176429327195,1.1102230246251565e-16,1.1937881985216736e-16,True
ligand_volume,IKZF1 (10320),0.9823327507733915,0.982551648514366,0.00021889774097449965,290.0512277905035,1.1102230246251565e-16,1.1937881985216736e-16,True
ligand_volume,PARVA (55742),0.9823327507733915,0.9832271456780497,0.0008943949046581467,1232.8498059291705,1.1102230246251565e-16,1.1937881985216736e-16,True
ligand_volume,CNN3 (1266),0.9823327507733915,0.9829122767660449,0.0005795259926533181,784.1091973868322,1.1102230246251565e-16,1.1937881985216736e-16,True
ligand_volume,CD151 (977),0.9823327507733915,0.9836270271806445,0.0012942764072529922,1827.6259825164225,1.1102230246251565e-16,1.1937881985216736e-16,True
ligand_volume,FAM114A1 (92689),0.9823327507733915,0.9828529223529398,0.0005201715795482009,701.3653968736356,1.1102230246251565e-16,1.1937881985216736e-16,True
ligand_volume,PTTG1IP (754),0.9823327507733915,0.9835019258391969,0.0011691750658053834,1638.4535102673267,1.1102230246251565e-16,1.1937881985216736e-16,True
ligand_volume,GNA11 (2767),0.9823327507733915,0.9838590852475712,0.0015263344741796026,2186.2982107455605,1.1102230246251565e-16,1.1937881985216736e-16,True
ligand_efficiency,TEAD1 (7003),0.9823327507733915,0.9833573807504541,0.0010246299770625411,1423.4204793413815,1.1102230246251565e-16,1.1937881985216736e-16,True
ligand_efficiency,CUEDC1 (404093),0.9823327507733915,0.9838225579621622,0.0014898071887706754,2129.1587460993123,1.1102230246251565e-16,1.1937881985216736e-16,True
ligand_efficiency,BCAR1 (9564),0.9823327507733915,0.9826249419755714,0.00029219120217982564,388.80218902859974,1.1102230246251565e-16,1.1937881985216736e-16,True
ligand_efficiency,RAPH1 (65059),0.9823327507733915,0.9835556456300524,0.0012228948566608278,1719.3334836950542,1.1102230246251565e-16,1.1937881985216736e-16,True
ligand_efficiency,TJP1 (7082),0.9823327507733915,0.9830078525247873,0.0006751017513957347,918.5626781451901,1.1102230246251565e-16,1.1937881985216736e-16,True
ligand_efficiency,PTPN7 (5778),0.9823327507733915,0.9827516712327625,0.000418920459370975,561.5292444478586,1.1102230246251565e-16,1.1937881985216736e-16,True
ligand_efficiency,ARHGAP29 (9411),0.9823327507733915,0.9829334199423597,0.0006006691689681709,813.7231442761415,1.1102230246251565e-16,1.1937881985216736e-16,True
ligand_efficiency,WFS1 (7466),0.9823327507733915,0.9829775529880052,0.0006448022146136045,875.7746281343623,1.1102230246251565e-16,1.1937881985216736e-16,True
ligand_efficiency,ERRFI1 (54206),0.9823327507733915,0.9828269477747708,0.0004941970013792041,665.33511469205,1.1102230246251565e-16,1.1937881985216736e-16,True
ligand_efficiency,SNX21 (90203),0.9823327507733915,0.9830775203783552,0.0007447696049636132,1017.5266067233135,1.1102230246251565e-16,1.1937881985216736e-16,True
ligand_efficiency,PHLDB1 (23187),0.9823327507733915,0.9837421097545143,0.0014093589811227103,2004.2194375499962,1.1102230246251565e-16,1.1937881985216736e-16,True
ligand_efficiency,NCKAP1 (10787),0.9823327507733915,0.9832079178495664,0.0008751670761748542,1204.9644957602115,1.1102230246251565e-16,1.1937881985216736e-16,True
ligand_surface_area,BCAR1 (9564),0.9823327507733915,0.9842353910350101,0.0019026402616185711,2790.3668873938695,1.1102230246251565e-16,1.1937881985216736e-16,True
ligand_efficiency,IKZF1 (10320),0.9823327507733915,0.9840193738560034,0.0016866230826118045,2440.1250187954674,1.1102230246251565e-16,1.1937881985216736e-16,True
ligand_efficiency,PARVA (55742),0.9823327507733915,0.9831275424507305,0.0007947916773389796,1089.0875574241486,1.1102230246251565e-16,1.1937881985216736e-16,True
ligand_efficiency,CNN3 (1266),0.9823327507733915,0.9839651232202957,0.0016323724469041734,2353.6477074891973,1.1102230246251565e-16,1.1937881985216736e-16,True
ligand_efficiency,CD151 (977),0.9823327507733915,0.9832453875654832,0.0009126367920916367,1259.3644117777012,1.1102230246251565e-16,1.1937881985216736e-16,True
ligand_efficiency,FAM114A1 (92689),0.9823327507733915,0.9834827336990328,0.0011499829256412797,1609.6855712297336,1.1102230246251565e-16,1.1937881985216736e-16,True
ligand_efficiency,PTTG1IP (754),0.9823327507733915,0.9835237453454198,0.0011909945720282034,1671.241133532479,1.1102230246251565e-16,1.1937881985216736e-16,True
ligand_efficiency,GNA11 (2767),0.9823327507733915,0.9837067071181019,0.0013739563447103809,1949.6286551746766,1.1102230246251565e-16,1.1937881985216736e-16,True
num_rotatable_bonds,TEAD1 (7003),0.9823327507733915,0.9844893131023335,0.0021565623289419023,3214.5398443081185,1.1102230246251565e-16,1.1937881985216736e-16,True
num_rotatable_bonds,CUEDC1 (404093),0.9823327507733915,0.9841338738459624,0.0018011230725708538,2624.5830288725037,1.1102230246251565e-16,1.1937881985216736e-16,True
num_rotatable_bonds,BCAR1 (9564),0.9823327507733915,0.9842194306297625,0.0018866798563709208,2764.1612451299643,1.1102230246251565e-16,1.1937881985216736e-16,True
num_rotatable_bonds,RAPH1 (65059),0.9823327507733915,0.9839035345298243,0.0015707837564327143,2256.179812643553,1.1102230246251565e-16,1.1937881985216736e-16,True
num_rotatable_bonds,TJP1 (7082),0.9823327507733915,0.984464832343907,0.002132081570515476,3173.0411284608044,1.1102230246251565e-16,1.1937881985216736e-16,True
num_rotatable_bonds,PTPN7 (5778),0.9823327507733915,0.9841635271884571,0.0018307764150655714,2672.7890244261243,1.1102230246251565e-16,1.1937881985216736e-16,True
num_rotatable_bonds,ARHGAP29 (9411),0.9823327507733915,0.9833828741866495,0.0010501234132579418,1461.0741705413989,1.1102230246251565e-16,1.1937881985216736e-16,True
num_rotatable_bonds,WFS1 (7466),0.9823327507733915,0.9840773617753815,0.0017446110019899708,2533.211255383687,1.1102230246251565e-16,1.1937881985216736e-16,True
num_rotatable_bonds,ERRFI1 (54206),0.9823327507733915,0.9836474053529018,0.0013146545795102993,1858.7150561866138,1.1102230246251565e-16,1.1937881985216736e-16,True
num_rotatable_bonds,SNX21 (90203),0.9823327507733915,0.9836822777482036,0.0013495269748120542,1912.0967483202896,1.1102230246251565e-16,1.1937881985216736e-16,True
num_rotatable_bonds,PHLDB1 (23187),0.9823327507733915,0.9839275169572206,0.0015947661838290328,2294.0446769791397,1.1102230246251565e-16,1.1937881985216736e-16,True
num_rotatable_bonds,NCKAP1 (10787),0.9823327507733915,0.9839993988709104,0.0016666480975188191,2408.216022870538,1.1102230246251565e-16,1.1937881985216736e-16,True
num_rotatable_bonds,WAS (7454),0.9823327507733915,0.9839672773231674,0.0016345265497758055,2357.070261398722,1.1102230246251565e-16,1.1937881985216736e-16,True
num_rotatable_bonds,IKZF1 (10320),0.9823327507733915,0.9831760923541806,0.0008433415807890254,1158.9493807454392,1.1102230246251565e-16,1.1937881985216736e-16,True
num_rotatable_bonds,PARVA (55742),0.9823327507733915,0.9844351678496516,0.0021024170762600214,3122.930098673961,1.1102230246251565e-16,1.1937881985216736e-16,True
num_rotatable_bonds,CNN3 (1266),0.9823327507733915,0.983892287455936,0.0015595366825444934,2238.461109967761,1.1102230246251565e-16,1.1937881985216736e-16,True
num_rotatable_bonds,CD151 (977),0.9823327507733915,0.9844409077534341,0.0021081569800425193,3132.611376434321,1.1102230246251565e-16,1.1937881985216736e-16,True
num_rotatable_bonds,FAM114A1 (92689),0.9823327507733915,0.9829054332871991,0.0005726825138075986,774.5396500348922,1.1102230246251565e-16,1.1937881985216736e-16,True
num_rotatable_bonds,PTTG1IP (754),0.9823327507733915,0.9838959031022225,0.0015631523288309745,2244.1545199319908,1.1102230246251565e-16,1.1937881985216736e-16,True
num_rotatable_bonds,GNA11 (2767),0.9823327507733915,0.9845376538529518,0.0022049030795602276,3296.8709091514065,1.1102230246251565e-16,1.1937881985216736e-16,True
pharmacophore_radius,TEAD1 (7003),0.9823327507733915,0.9829764013435713,0.0006436505701797879,874.1513168213295,1.1102230246251565e-16,1.1937881985216736e-16,True
pharmacophore_radius,CUEDC1 (404093),0.9823327507733915,0.98339473717038,0.0010619863969884014,1478.635162255534,1.1102230246251565e-16,1.1937881985216736e-16,True
pharmacophore_radius,BCAR1 (9564),0.9823327507733915,0.9835906543324594,0.0012579035590678522,1772.3272380797766,1.1102230246251565e-16,1.1937881985216736e-16,True
pharmacophore_radius,RAPH1 (65059),0.9823327507733915,0.984263022843916,0.0019302720705244303,2835.8616669446938,1.1102230246251565e-16,1.1937881985216736e-16,True
pharmacophore_radius,TJP1 (7082),0.9823327507733915,0.983101555984821,0.000768805211429413,1051.8587671315508,1.1102230246251565e-16,1.1937881985216736e-16,True
pharmacophore_radius,PTPN7 (5778),0.9823327507733915,0.9831181325239632,0.0007853817505716343,1075.5934495393092,1.1102230246251565e-16,1.1937881985216736e-16,True
pharmacophore_radius,ARHGAP29 (9411),0.9823327507733915,0.9828920137399855,0.0005592629665939208,755.7967133671838,1.1102230246251565e-16,1.1937881985216736e-16,True
pharmacophore_radius,WFS1 (7466),0.9823327507733915,0.9831944354304085,0.0008616846570169701,1185.4495686672406,1.1102230246251565e-16,1.1937881985216736e-16,True
pharmacophore_radius,ERRFI1 (54206),0.9823327507733915,0.9832819499111061,0.0009491991377145181,1312.682038112706,1.1102230246251565e-16,1.1937881985216736e-16,True
pharmacophore_radius,SNX21 (90203),0.9823327507733915,0.9840850770058609,0.0017523262324693478,2545.6474096425814,1.1102230246251565e-16,1.1937881985216736e-16,True
pharmacophore_radius,PHLDB1 (23187),0.9823327507733915,0.9834316544411964,0.0010989036678048514,1533.4453708414255,1.1102230246251565e-16,1.1937881985216736e-16,True
pharmacophore_radius,NCKAP1 (10787),0.9823327507733915,0.9833819889568814,0.0010492381834898978,1459.7647539974464,1.1102230246251565e-16,1.1937881985216736e-16,True
ligand_surface_area,CUEDC1 (404093),0.9823327507733915,0.9830035715014056,0.0006708207280140543,912.5078973483575,1.1102230246251565e-16,1.1937881985216736e-16,True
pharmacophore_radius,IKZF1 (10320),0.9823327507733915,0.9824117083646259,7.895759123432988e-05,103.79060952494426,1.1102230246251565e-16,1.1937881985216736e-16,True
pharmacophore_radius,PARVA (55742),0.9823327507733915,0.983526560763104,0.0011938099897124133,1675.4781175463909,1.1102230246251565e-16,1.1937881985216736e-16,True
pharmacophore_radius,CNN3 (1266),0.9823327507733915,0.9826091775154342,0.00027642674204264583,367.49189301989577,1.1102230246251565e-16,1.1937881985216736e-16,True
pharmacophore_radius,CD151 (977),0.9823327507733915,0.9832034980215129,0.0008707472481213063,1198.563629638432,1.1102230246251565e-16,1.1937881985216736e-16,True
pharmacophore_radius,FAM114A1 (92689),0.9823327507733915,0.9835062841056483,0.001173533332256782,1644.9956344324137,1.1102230246251565e-16,1.1937881985216736e-16,True
pharmacophore_radius,PTTG1IP (754),0.9823327507733915,0.983362867902942,0.0010301171295504785,1431.5152332906473,1.1102230246251565e-16,1.1937881985216736e-16,True
pharmacophore_radius,GNA11 (2767),0.9823327507733915,0.9831245702690463,0.0007918194956547664,1084.8237367228296,1.1102230246251565e-16,1.1937881985216736e-16,True
max_negative_charge,TEAD1 (7003),0.9823327507733915,0.9828531656151601,0.0005204148417685683,701.7033506969392,1.1102230246251565e-16,1.1937881985216736e-16,True
max_negative_charge,CUEDC1 (404093),0.9823327507733915,0.9840808217706931,0.0017480709973015651,2538.7869194909863,1.1102230246251565e-16,1.1937881985216736e-16,True
ligand_surface_area,TEAD1 (7003),0.9823327507733915,0.9830759528361657,0.0007432020627741176,1015.290936322611,1.1102230246251565e-16,1.1937881985216736e-16,True
max_negative_charge,RAPH1 (65059),0.9823327507733915,0.9844179451232378,0.00208519434984622,3093.9239881858775,1.1102230246251565e-16,1.1937881985216736e-16,True
num_hydrophobic_pharmacophore,GNA11 (2767),0.9823327507733915,0.984715685918953,0.0023829351455614267,3604.5752706493276,1.1102230246251565e-16,1.1937881985216736e-16,True
max_negative_charge,PTPN7 (5778),0.9823327507733915,0.9827491300545041,0.0004163792811125999,558.0407834351696,1.1102230246251565e-16,1.1937881985216736e-16,True
max_negative_charge,ARHGAP29 (9411),0.9823327507733915,0.9837674969649187,0.0014347461915271698,2043.513059964868,1.1102230246251565e-16,1.1937881985216736e-16,True
num_hydrophobic_pharmacophore,PTTG1IP (754),0.9823327507733915,0.9842841035961127,0.0019513528227211863,2870.677949375718,1.1102230246251565e-16,1.1937881985216736e-16,True
max_negative_charge,ERRFI1 (54206),0.9823327507733915,0.9827229880313278,0.00039023725793629893,522.213298216437,1.1102230246251565e-16,1.1937881985216736e-16,True
max_negative_charge,SNX21 (90203),0.9823327507733915,0.983127538722995,0.0007947879496034149,1089.0822087631434,1.1102230246251565e-16,1.1937881985216736e-16,True
max_negative_charge,PHLDB1 (23187),0.9823327507733915,0.983200882417666,0.0008681316442744613,1194.777256439437,1.1102230246251565e-16,1.1937881985216736e-16,True
max_negative_charge,NCKAP1 (10787),0.9823327507733915,0.9834859133309176,0.0011531625575260662,1614.447039321751,1.1102230246251565e-16,1.1937881985216736e-16,True
max_negative_charge,WAS (7454),0.9823327507733915,0.9828722494657901,0.0005394986923985545,728.2456469307702,1.1102230246251565e-16,1.1937881985216736e-16,True
max_negative_charge,IKZF1 (10320),0.9823327507733915,0.9832026691041335,0.0008699183307419034,1197.3635532595665,1.1102230246251565e-16,1.1937881985216736e-16,True
max_negative_charge,PARVA (55742),0.9823327507733915,0.9835250416595889,0.0011922908861973225,1673.1918053635752,1.1102230246251565e-16,1.1937881985216736e-16,True
max_negative_charge,CNN3 (1266),0.9823327507733915,0.982995621895201,0.0006628711218094052,901.2726158981039,1.1102230246251565e-16,1.1937881985216736e-16,True
max_negative_charge,CD151 (977),0.9823327507733915,0.9835687771546893,0.0012360263812977168,1739.1846124075335,1.1102230246251565e-16,1.1937881985216736e-16,True
max_negative_charge,FAM114A1 (92689),0.9823327507733915,0.9832781255754375,0.0009453748020459285,1307.0942209203793,1.1102230246251565e-16,1.1937881985216736e-16,True
max_negative_charge,PTTG1IP (754),0.9823327507733915,0.9835463776441905,0.0012136268707989561,1705.3419998401375,1.1102230246251565e-16,1.1937881985216736e-16,True
max_negative_charge,GNA11 (2767),0.9823327507733915,0.9831305368342409,0.0007977860608493481,1093.3847476707972,1.1102230246251565e-16,1.1937881985216736e-16,True
ligand_sasa,TEAD1 (7003),0.9823327507733915,0.9828021306598447,0.0004693798864531251,631.0120608636013,1.1102230246251565e-16,1.1937881985216736e-16,True
ligand_sasa,CUEDC1 (404093),0.9823327507733915,0.9849613364965504,0.002628585723158827,4041.1105618189126,1.1102230246251565e-16,1.1937881985216736e-16,True
ligand_sasa,BCAR1 (9564),0.9823327507733915,0.9836320599481643,0.0012993091747727226,1835.296807393605,1.1102230246251565e-16,1.1937881985216736e-16,True
ligand_sasa,RAPH1 (65059),0.9823327507733915,0.9846145572486191,0.002281806475227577,3428.9143679356775,1.1102230246251565e-16,1.1937881985216736e-16,True
ligand_sasa,TJP1 (7082),0.9823327507733915,0.9839778591110206,0.0016451083376290976,2373.896536644869,1.1102230246251565e-16,1.1937881985216736e-16,True
ligand_sasa,PTPN7 (5778),0.9823327507733915,0.9839034823599153,0.0015707315865237659,2256.0975667180924,1.1102230246251565e-16,1.1937881985216736e-16,True
ligand_sasa,ARHGAP29 (9411),0.9823327507733915,0.9842550420636935,0.0019222912903019695,2822.7051994402636,1.1102230246251565e-16,1.1937881985216736e-16,True
ligand_sasa,WFS1 (7466),0.9823327507733915,0.9842161766194313,0.0018834258460397324,2758.824938071993,1.1102230246251565e-16,1.1937881985216736e-16,True
ligand_sasa,ERRFI1 (54206),0.9823327507733915,0.9835990458581446,0.0012662950847530663,1785.0633631598382,1.1102230246251565e-16,1.1937881985216736e-16,True
ligand_sasa,SNX21 (90203),0.9823327507733915,0.9835897622438066,0.0012570114704150148,1770.9740485037041,1.1102230246251565e-16,1.1937881985216736e-16,True
ligand_sasa,PHLDB1 (23187),0.9823327507733915,0.98472461058395,0.00239185981055845,3620.1891365209613,1.1102230246251565e-16,1.1937881985216736e-16,True
ligand_sasa,NCKAP1 (10787),0.9823327507733915,0.9829356430022119,0.0006028922288203731,816.8411111026146,1.1102230246251565e-16,1.1937881985216736e-16,True
num_hydrophobic_pharmacophore,FAM114A1 (92689),0.9823327507733915,0.9843523330213896,0.0020195822479980308,2984.0066022327715,1.1102230246251565e-16,1.1937881985216736e-16,True
ligand_sasa,IKZF1 (10320),0.9823327507733915,0.9830462463506798,0.0007134955772882812,973.0009110735634,1.1102230246251565e-16,1.1937881985216736e-16,True
ligand_sasa,PARVA (55742),0.9823327507733915,0.9842535587270294,0.0019208079536378042,2820.261360535777,1.1102230246251565e-16,1.1937881985216736e-16,True
ligand_sasa,CNN3 (1266),0.9823327507733915,0.9851353381668543,0.00280258739346273,4359.051101476985,1.1102230246251565e-16,1.1937881985216736e-16,True
ligand_sasa,CD151 (977),0.9823327507733915,0.9825042749092746,0.00017152413588306104,226.6632563698409,1.1102230246251565e-16,1.1937881985216736e-16,True
ligand_sasa,FAM114A1 (92689),0.9823327507733915,0.98394212592178,0.0016093751483884366,2317.165600470561,1.1102230246251565e-16,1.1937881985216736e-16,True
ligand_sasa,PTTG1IP (754),0.9823327507733915,0.9842156928803771,0.0018829421069855856,2758.031833997031,1.1102230246251565e-16,1.1937881985216736e-16,True
ligand_sasa,GNA11 (2767),0.9823327507733915,0.9844972033551058,0.0021644525817142712,3227.9429857396053,1.1102230246251565e-16,1.1937881985216736e-16,True
num_hba_pharmacophore,TEAD1 (7003),0.9823327507733915,0.9828011577468085,0.00046840697341699045,629.668501284831,1.1102230246251565e-16,1.1937881985216736e-16,True
num_hba_pharmacophore,CUEDC1 (404093),0.9823327507733915,0.9824287428699056,9.59920965140082e-05,126.30497948847346,1.1102230246251565e-16,1.1937881985216736e-16,True
num_hba_pharmacophore,BCAR1 (9564),0.9823327507733915,0.9832149771124202,0.00088222633902868,1215.1948254676208,1.1102230246251565e-16,1.1937881985216736e-16,True
num_hba_pharmacophore,RAPH1 (65059),0.9823327507733915,0.9836910530243853,0.0013583022509937592,1925.56564748975,1.1102230246251565e-16,1.1937881985216736e-16,True
num_hba_pharmacophore,TJP1 (7082),0.9823327507733915,0.9833976672591408,0.0010649164857492455,1482.9764910041204,1.1102230246251565e-16,1.1937881985216736e-16,True
num_hba_pharmacophore,PTPN7 (5778),0.9823327507733915,0.9831805415454614,0.0008477907720698674,1165.3718045223618,1.1102230246251565e-16,1.1937881985216736e-16,True
num_hba_pharmacophore,ARHGAP29 (9411),0.9823327507733915,0.9843094922864243,0.0019767415130327315,2912.7332662264603,1.1102230246251565e-16,1.1937881985216736e-16,True
num_hba_pharmacophore,WFS1 (7466),0.9823327507733915,0.9837718178027254,0.0014390670293338292,2050.2129760279154,1.1102230246251565e-16,1.1937881985216736e-16,True
num_hba_pharmacophore,ERRFI1 (54206),0.9823327507733915,0.9835913933357598,0.001258642562368295,1773.4483272959128,1.1102230246251565e-16,1.1937881985216736e-16,True
num_hba_pharmacophore,SNX21 (90203),0.9823327507733915,0.9838045299032689,0.001471779129877393,2101.0525337965487,1.1102230246251565e-16,1.1937881985216736e-16,True
num_hba_pharmacophore,PHLDB1 (23187),0.9823327507733915,0.9837429600526129,0.0014102092792213083,2005.5335190854846,1.1102230246251565e-16,1.1937881985216736e-16,True
num_hba_pharmacophore,NCKAP1 (10787),0.9823327507733915,0.9827243878302849,0.00039163705689337913,524.1289666856565,1.1102230246251565e-16,1.1937881985216736e-16,True
num_hba_pharmacophore,WAS (7454),0.9823327507733915,0.9837932871062075,0.0014605363328159537,2083.5563779029144,1.1102230246251565e-16,1.1937881985216736e-16,True
num_hba_pharmacophore,IKZF1 (10320),0.9823327507733915,0.9836993560894121,0.0013666053160205083,1938.323116540858,1.1102230246251565e-16,1.1937881985216736e-16,True
num_hba_pharmacophore,PARVA (55742),0.9823327507733915,0.9835451285331028,0.0012123777597112806,1703.4574752475803,1.1102230246251565e-16,1.1937881985216736e-16,True
num_hba_pharmacophore,CNN3 (1266),0.9823327507733915,0.9847206518514032,0.0023879010780116783,3613.2610100058882,1.1102230246251565e-16,1.1937881985216736e-16,True
num_hba_pharmacophore,CD151 (977),0.9823327507733915,0.9840441706229477,0.0017114198495561395,2479.847708740397,1.1102230246251565e-16,1.1937881985216736e-16,True
num_hba_pharmacophore,FAM114A1 (92689),0.9823327507733915,0.9831275583170276,0.0007948075436360336,1089.1103228651232,1.1102230246251565e-16,1.1937881985216736e-16,True
num_hba_pharmacophore,PTTG1IP (754),0.9823327507733915,0.9843041187741777,0.0019713680007861223,2903.8209146989593,1.1102230246251565e-16,1.1937881985216736e-16,True
num_hba_pharmacophore,GNA11 (2767),0.9823327507733915,0.9836569468139972,0.0013241960406056297,1873.2982209849638,1.1102230246251565e-16,1.1937881985216736e-16,True
num_polar_atoms,TEAD1 (7003),0.9823327507733915,0.9827628651524635,0.00043011437907192196,576.9082003534738,1.1102230246251565e-16,1.1937881985216736e-16,True
num_polar_atoms,CUEDC1 (404093),0.9823327507733915,0.9832119085866151,0.0008791578132235633,1210.7468407947429,1.1102230246251565e-16,1.1937881985216736e-16,True
num_polar_atoms,BCAR1 (9564),0.9823327507733915,0.9834345691859993,0.0011018184126077024,1537.7832297581765,1.1102230246251565e-16,1.1937881985216736e-16,True
num_polar_atoms,RAPH1 (65059),0.9823327507733915,0.9837772129073762,0.0014444621339846364,2058.5836667307003,1.1102230246251565e-16,1.1937881985216736e-16,True
num_polar_atoms,TJP1 (7082),0.9823327507733915,0.9829111717213028,0.0005784209479112734,782.5634442344912,1.1102230246251565e-16,1.1937881985216736e-16,True
num_polar_atoms,PTPN7 (5778),0.9823327507733915,0.9830178869620735,0.000685136188681934,932.7666496477634,1.1102230246251565e-16,1.1937881985216736e-16,True
num_polar_atoms,ARHGAP29 (9411),0.9823327507733915,0.983494584601545,0.0011618338281534912,1627.441506829439,1.1102230246251565e-16,1.1937881985216736e-16,True
num_polar_atoms,WFS1 (7466),0.9823327507733915,0.9834560785800734,0.0011233278066818952,1569.8417703557311,1.1102230246251565e-16,1.1937881985216736e-16,True
num_polar_atoms,ERRFI1 (54206),0.9823327507733915,0.9836180478962743,0.0012852971228827226,1813.9516763871893,1.1102230246251565e-16,1.1937881985216736e-16,True
num_polar_atoms,SNX21 (90203),0.9823327507733915,0.9833739569382607,0.001041206164869135,1447.8903033259921,1.1102230246251565e-16,1.1937881985216736e-16,True
num_polar_atoms,PHLDB1 (23187),0.9823327507733915,0.9833483127225182,0.0010155619491266643,1410.05484144299,1.1102230246251565e-16,1.1937881985216736e-16,True
num_polar_atoms,NCKAP1 (10787),0.9823327507733915,0.9847018289895085,0.002369078216116982,3580.368419143635,1.1102230246251565e-16,1.1937881985216736e-16,True
num_polar_atoms,WAS (7454),0.9823327507733915,0.982390212099963,5.746132657147296e-05,75.44133284694018,1.1102230246251565e-16,1.1937881985216736e-16,True
num_polar_atoms,IKZF1 (10320),0.9823327507733915,0.9837440716654146,0.0014113208920230047,2007.2516531798835,1.1102230246251565e-16,1.1937881985216736e-16,True
num_polar_atoms,PARVA (55742),0.9823327507733915,0.9831486418459383,0.0008158910725467594,1119.3994825119237,1.1102230246251565e-16,1.1937881985216736e-16,True
num_polar_atoms,CNN3 (1266),0.9823327507733915,0.9839979716892522,0.0016652209158606324,2405.939223894409,1.1102230246251565e-16,1.1937881985216736e-16,True
num_polar_atoms,CD151 (977),0.9823327507733915,0.9835272993530381,0.001194548579646515,1676.5898775997136,1.1102230246251565e-16,1.1937881985216736e-16,True
num_polar_atoms,FAM114A1 (92689),0.9823327507733915,0.98404465166507,0.0017119008916784972,2480.6195254890904,1.1102230246251565e-16,1.1937881985216736e-16,True
num_polar_atoms,PTTG1IP (754),0.9823327507733915,0.9830730966547827,0.0007403458813911579,1011.2184389945855,1.1102230246251565e-16,1.1937881985216736e-16,True
num_polar_atoms,GNA11 (2767),0.9823327507733915,0.9838135259445979,0.0014807751712063721,2115.069770050713,1.1102230246251565e-16,1.1937881985216736e-16,True
num_nonpolar_atoms,TEAD1 (7003),0.9823327507733915,0.9830971641628848,0.0007644133894932903,1045.5782529862556,1.1102230246251565e-16,1.1937881985216736e-16,True
num_nonpolar_atoms,CUEDC1 (404093),0.9823327507733915,0.9840389545671412,0.0017062037937496388,2471.4817007087136,1.1102230246251565e-16,1.1937881985216736e-16,True
num_nonpolar_atoms,BCAR1 (9564),0.9823327507733915,0.9846794244147558,0.0023466736413642053,3541.3222098910546,1.1102230246251565e-16,1.1937881985216736e-16,True
num_nonpolar_atoms,RAPH1 (65059),0.9823327507733915,0.9837695541169442,0.0014368033435526728,2046.7024468882535,1.1102230246251565e-16,1.1937881985216736e-16,True
num_nonpolar_atoms,TJP1 (7082),0.9823327507733915,0.9835908664854257,0.001258115712034158,1772.6490698850569,1.1102230246251565e-16,1.1937881985216736e-16,True
num_nonpolar_atoms,PTPN7 (5778),0.9823327507733915,0.9831599919742257,0.0008272412008341057,1135.7367843298955,1.1102230246251565e-16,1.1937881985216736e-16,True
num_nonpolar_atoms,ARHGAP29 (9411),0.9823327507733915,0.983604602970704,0.0012718521973124064,1793.5047714501152,1.1102230246251565e-16,1.1937881985216736e-16,True
num_nonpolar_atoms,WFS1 (7466),0.9823327507733915,0.9841479535281118,0.0018152027547202465,2647.4491961372005,1.1102230246251565e-16,1.1937881985216736e-16,True
num_nonpolar_atoms,ERRFI1 (54206),0.9823327507733915,0.9828773915345785,0.0005446407611869875,735.4074832740122,1.1102230246251565e-16,1.1937881985216736e-16,True
num_nonpolar_atoms,SNX21 (90203),0.9823327507733915,0.9837914863586588,0.0014587355852672124,2080.756291271191,1.1102230246251565e-16,1.1937881985216736e-16,True
num_nonpolar_atoms,PHLDB1 (23187),0.9823327507733915,0.9838216135259559,0.0014888627525643239,2127.684790724526,1.1102230246251565e-16,1.1937881985216736e-16,True
num_nonpolar_atoms,NCKAP1 (10787),0.9823327507733915,0.9833766291128023,0.0010438783394107753,1451.8395439137128,1.1102230246251565e-16,1.1937881985216736e-16,True
num_nonpolar_atoms,WAS (7454),0.9823327507733915,0.983280222640085,0.0009474718666934168,1310.1579695952419,1.1102230246251565e-16,1.1937881985216736e-16,True
num_nonpolar_atoms,IKZF1 (10320),0.9823327507733915,0.9831211132482669,0.0007883624748753482,1079.8662664908525,1.1102230246251565e-16,1.1937881985216736e-16,True
num_nonpolar_atoms,PARVA (55742),0.9823327507733915,0.9831032127258678,0.0007704619524762091,1054.2288336978493,1.1102230246251565e-16,1.1937881985216736e-16,True
num_nonpolar_atoms,CNN3 (1266),0.9823327507733915,0.9835612255534557,0.0012284747800641593,1727.764865163266,1.1102230246251565e-16,1.1937881985216736e-16,True
num_nonpolar_atoms,CD151 (977),0.9823327507733915,0.9839911005172177,0.0016583497438261707,2394.98324781766,1.1102230246251565e-16,1.1937881985216736e-16,True
num_nonpolar_atoms,FAM114A1 (92689),0.9823327507733915,0.9834451157505973,0.001112364977205793,1553.4918810395518,1.1102230246251565e-16,1.1937881985216736e-16,True
num_nonpolar_atoms,PTTG1IP (754),0.9823327507733915,0.9836740441655158,0.0013412933921242987,1899.4724437763518,1.1102230246251565e-16,1.1937881985216736e-16,True
num_nonpolar_atoms,GNA11 (2767),0.9823327507733915,0.9832997815528666,0.0009670307794750199,1338.7700102390086,1.1102230246251565e-16,1.1937881985216736e-16,True
total_charge,TEAD1 (7003),0.9823327507733915,0.9840106873197738,0.0016779365463822637,2426.2389339807855,1.1102230246251565e-16,1.1937881985216736e-16,True
total_charge,CUEDC1 (404093),0.9823327507733915,0.9832113046154088,0.0008785538420172934,1209.8715452351817,1.1102230246251565e-16,1.1937881985216736e-16,True
total_charge,BCAR1 (9564),0.9823327507733915,0.9843244023355526,0.0019916515621610786,2937.4946399395876,1.1102230246251565e-16,1.1937881985216736e-16,True
total_charge,RAPH1 (65059),0.9823327507733915,0.9840398670043312,0.0017071162309396648,2472.94475992365,1.1102230246251565e-16,1.1937881985216736e-16,True
total_charge,TJP1 (7082),0.9823327507733915,0.9845070550928383,0.0021743043194467626,3244.697258451609,1.1102230246251565e-16,1.1937881985216736e-16,True
total_charge,PTPN7 (5778),0.9823327507733915,0.9830231776975297,0.0006904269241381211,940.2625651414689,1.1102230246251565e-16,1.1937881985216736e-16,True
total_charge,ARHGAP29 (9411),0.9823327507733915,0.983524291773923,0.0011915410005314264,1672.063352559404,1.1102230246251565e-16,1.1937881985216736e-16,True
total_charge,WFS1 (7466),0.9823327507733915,0.9844184877594109,0.0020857369860193264,3094.8369049281227,1.1102230246251565e-16,1.1937881985216736e-16,True
total_charge,ERRFI1 (54206),0.9823327507733915,0.9827534046313685,0.0004206538579769603,563.9093971042747,1.1102230246251565e-16,1.1937881985216736e-16,True
total_charge,SNX21 (90203),0.9823327507733915,0.9829935644188172,0.0006608136454256952,898.3664689352116,1.1102230246251565e-16,1.1937881985216736e-16,True
total_charge,PHLDB1 (23187),0.9823327507733915,0.9843975325420102,0.0020647817686186842,3059.628524718936,1.1102230246251565e-16,1.1937881985216736e-16,True
total_charge,NCKAP1 (10787),0.9823327507733915,0.9840923279680304,0.0017595771946388172,2557.346207433195,1.1102230246251565e-16,1.1937881985216736e-16,True
total_charge,WAS (7454),0.9823327507733915,0.9831158246347802,0.0007830738613886501,1072.2861664064014,1.1102230246251565e-16,1.1937881985216736e-16,True
total_charge,IKZF1 (10320),0.9823327507733915,0.9831745305955816,0.0008417798221900252,1156.6957819269865,1.1102230246251565e-16,1.1937881985216736e-16,True
total_charge,PARVA (55742),0.9823327507733915,0.9839554813167221,0.0016227305433305084,2338.3393981710315,1.1102230246251565e-16,1.1937881985216736e-16,True
total_charge,CNN3 (1266),0.9823327507733915,0.9837109990855183,0.0013782483121267397,1956.234218640143,1.1102230246251565e-16,1.1937881985216736e-16,True
total_charge,CD151 (977),0.9823327507733915,0.9841145033035691,0.0017817525301775383,2593.1904607653187,1.1102230246251565e-16,1.1937881985216736e-16,True
total_charge,FAM114A1 (92689),0.9823327507733915,0.9837426727111634,0.0014099219377718963,2005.0894358058536,1.1102230246251565e-16,1.1937881985216736e-16,True
total_charge,PTTG1IP (754),0.9823327507733915,0.9842287590411202,0.0018960082677286216,2779.4712707881617,1.1102230246251565e-16,1.1937881985216736e-16,True
total_charge,GNA11 (2767),0.9823327507733915,0.9841720597712328,0.001839308997841238,2686.6934936233242,1.1102230246251565e-16,1.1937881985216736e-16,True
pharmacophore_span,TEAD1 (7003),0.9823327507733915,0.9825935631931701,0.0002608124197785999,346.42260286807,1.1102230246251565e-16,1.1937881985216736e-16,True
pharmacophore_span,CUEDC1 (404093),0.9823327507733915,0.9825829605643126,0.0002502097909210521,332.137409888427,1.1102230246251565e-16,1.1937881985216736e-16,True
pharmacophore_span,BCAR1 (9564),0.9823327507733915,0.9827258700529881,0.00039311927959650994,526.1577730484951,1.1102230246251565e-16,1.1937881985216736e-16,True
pharmacophore_span,RAPH1 (65059),0.9823327507733915,0.982833614074259,0.0005008633008674046,674.57178034716,1.1102230246251565e-16,1.1937881985216736e-16,True
pharmacophore_span,TJP1 (7082),0.9823327507733915,0.9825072820701383,0.00017453129674671608,230.67676486653815,1.1102230246251565e-16,1.1937881985216736e-16,True
pharmacophore_span,PTPN7 (5778),0.9823327507733915,0.982609018869012,0.0002762680956204244,367.2776321608755,1.1102230246251565e-16,1.1937881985216736e-16,True
pharmacophore_span,ARHGAP29 (9411),0.9823327507733915,0.9826091188696134,0.0002763680962218906,367.4126881061259,1.1102230246251565e-16,1.1937881985216736e-16,True
pharmacophore_span,WFS1 (7466),0.9823327507733915,0.9829398229016568,0.0006070721282652736,822.7058561341637,1.1102230246251565e-16,1.1937881985216736e-16,True
pharmacophore_span,ERRFI1 (54206),0.9823327507733915,0.9833152119512553,0.0009824611778637138,1361.3899299078757,1.1102230246251565e-16,1.1937881985216736e-16,True
pharmacophore_span,SNX21 (90203),0.9823327507733915,0.9830512241825141,0.0007184734091225664,980.076991860177,1.1102230246251565e-16,1.1937881985216736e-16,True
logp,CNN3 (1266),0.9823327507733915,0.9842335904403273,0.0019008396669357719,2787.4078072895036,1.1102230246251565e-16,1.1937881985216736e-16,True
num_hydrophobic_pharmacophore,CNN3 (1266),0.9823327507733915,0.9844094120783223,0.0020766613049307825,3079.576576021264,1.1102230246251565e-16,1.1937881985216736e-16,True
pharmacophore_span,WAS (7454),0.9823327507733915,0.9830366729682667,0.0007039221948751395,959.4038430708767,1.1102230246251565e-16,1.1937881985216736e-16,True
pharmacophore_span,IKZF1 (10320),0.9823327507733915,0.9827338197945943,0.0004010690212027379,537.0450012622562,1.1102230246251565e-16,1.1937881985216736e-16,True
pharmacophore_span,PARVA (55742),0.9823327507733915,0.9824984725322321,0.0001657217588405535,218.9230095172829,1.1102230246251565e-16,1.1937881985216736e-16,True
pharmacophore_span,CNN3 (1266),0.9823327507733915,0.9828408602823032,0.0005081095089116694,684.6200939736864,1.1102230246251565e-16,1.1937881985216736e-16,True
pharmacophore_span,CD151 (977),0.9823327507733915,0.9827306904795995,0.0003979397062079393,532.7581856505122,1.1102230246251565e-16,1.1937881985216736e-16,True
num_hydrophobic_pharmacophore,PARVA (55742),0.9823327507733915,0.9844998426296099,0.0021670918562183283,3232.4293565868907,1.1102230246251565e-16,1.1937881985216736e-16,True
pharmacophore_span,PTTG1IP (754),0.9823327507733915,0.9833281703729101,0.0009954195995185433,1380.4184457039844,1.1102230246251565e-16,1.1937881985216736e-16,True
pharmacophore_span,GNA11 (2767),0.9823327507733915,0.9832983128696287,0.0009655620962371048,1336.6191984524394,1.1102230246251565e-16,1.1937881985216736e-16,True
spatial_distribution_y,TEAD1 (7003),0.9823327507733915,0.9829177604704453,0.0005850096970537733,791.7828439580414,1.1102230246251565e-16,1.1937881985216736e-16,True
spatial_distribution_y,CUEDC1 (404093),0.9823327507733915,0.9832930419055431,0.0009602911321515695,1328.9032539507673,1.1102230246251565e-16,1.1937881985216736e-16,True
spatial_distribution_y,BCAR1 (9564),0.9823327507733915,0.9832978038411718,0.0009650530677802749,1335.8738404761823,1.1102230246251565e-16,1.1937881985216736e-16,True
spatial_distribution_y,RAPH1 (65059),0.9823327507733915,0.9835126416596425,0.0011798908862509228,1654.5450597351462,1.1102230246251565e-16,1.1937881985216736e-16,True
spatial_distribution_y,TJP1 (7082),0.9823327507733915,0.9834730752669302,0.0011403244935386248,1595.2333974062324,1.1102230246251565e-16,1.1937881985216736e-16,True
spatial_distribution_y,PTPN7 (5778),0.9823327507733915,0.9827070857040815,0.0003743349306899457,500.4722425295553,1.1102230246251565e-16,1.1937881985216736e-16,True
spatial_distribution_y,ARHGAP29 (9411),0.9823327507733915,0.9828462809133749,0.0005135301399833425,692.14243141425,1.1102230246251565e-16,1.1937881985216736e-16,True
num_hydrophobic_pharmacophore,IKZF1 (10320),0.9823327507733915,0.984062819456455,0.0017300686830634682,2509.803276880578,1.1102230246251565e-16,1.1937881985216736e-16,True
spatial_distribution_y,ERRFI1 (54206),0.9823327507733915,0.983052374994117,0.0007196242207254677,981.7134835940717,1.1102230246251565e-16,1.1937881985216736e-16,True
spatial_distribution_y,SNX21 (90203),0.9823327507733915,0.9829297921012178,0.000597041327826231,808.6366364832141,1.1102230246251565e-16,1.1937881985216736e-16,True
spatial_distribution_y,PHLDB1 (23187),0.9823327507733915,0.9831627777708314,0.0008300269974398367,1139.750008618615,1.1102230246251565e-16,1.1937881985216736e-16,True
num_hydrophobic_pharmacophore,WAS (7454),0.9823327507733915,0.9847479155571806,0.0024151647837890033,3661.0477741938394,1.1102230246251565e-16,1.1937881985216736e-16,True
spatial_distribution_y,WAS (7454),0.9823327507733915,0.9833688526699098,0.00103610189651826,1440.3501677939935,1.1102230246251565e-16,1.1937881985216736e-16,True
spatial_distribution_y,IKZF1 (10320),0.9823327507733915,0.983252894145251,0.0009201433718594165,1270.2920099687074,1.1102230246251565e-16,1.1937881985216736e-16,True
spatial_distribution_y,PARVA (55742),0.9823327507733915,0.9824732848711912,0.00014053409779968273,185.38261832005935,1.1102230246251565e-16,1.1937881985216736e-16,True
spatial_distribution_y,CNN3 (1266),0.9823327507733915,0.9824201684340496,8.741766065800682e-05,114.96676215760367,1.1102230246251565e-16,1.1937881985216736e-16,True
spatial_distribution_y,CD151 (977),0.9823327507733915,0.9833347301610867,0.0010019793876951955,1390.0623072672984,1.1102230246251565e-16,1.1937881985216736e-16,True
spatial_distribution_y,FAM114A1 (92689),0.9823327507733915,0.9827120244930074,0.0003792737196158802,507.2200845016485,1.1102230246251565e-16,1.1937881985216736e-16,True
spatial_distribution_y,PTTG1IP (754),0.9823327507733915,0.9833927295251655,0.0010599787517739934,1475.6614446756148,1.1102230246251565e-16,1.1937881985216736e-16,True
spatial_distribution_y,GNA11 (2767),0.9823327507733915,0.9827395417436565,0.0004067909702649697,544.8874585394514,1.1102230246251565e-16,1.1937881985216736e-16,True
fraction_csp3,TEAD1 (7003),0.9823327507733915,0.983279360293829,0.000946609520437458,1308.8980144961083,1.1102230246251565e-16,1.1937881985216736e-16,True
fraction_csp3,CUEDC1 (404093),0.9823327507733915,0.9838692461162706,0.0015364953428790296,2202.238815582759,1.1102230246251565e-16,1.1937881985216736e-16,True
fraction_csp3,BCAR1 (9564),0.9823327507733915,0.9847189262343077,0.002386175460916129,3610.242153286288,1.1102230246251565e-16,1.1937881985216736e-16,True
fraction_csp3,RAPH1 (65059),0.9823327507733915,0.9842888367733245,0.0019560859999329105,2878.507954246288,1.1102230246251565e-16,1.1937881985216736e-16,True
fraction_csp3,TJP1 (7082),0.9823327507733915,0.9826745297354972,0.0003417789621056322,456.087452937537,1.1102230246251565e-16,1.1937881985216736e-16,True
fraction_csp3,PTPN7 (5778),0.9823327507733915,0.9832289436524472,0.000896192879055624,1235.460601549368,1.1102230246251565e-16,1.1937881985216736e-16,True
fraction_csp3,ARHGAP29 (9411),0.9823327507733915,0.9837294906311705,0.0013967398577789947,1984.7335310665462,1.1102230246251565e-16,1.1937881985216736e-16,True
fraction_csp3,WFS1 (7466),0.9823327507733915,0.984320112364642,0.0019873615912504583,2930.3653864264493,1.1102230246251565e-16,1.1937881985216736e-16,True
fraction_csp3,ERRFI1 (54206),0.9823327507733915,0.9847002930535966,0.0023675422802050816,3577.6879720698576,1.1102230246251565e-16,1.1937881985216736e-16,True
fraction_csp3,SNX21 (90203),0.9823327507733915,0.9842276950171439,0.0018949442437523611,2777.7240525828943,1.1102230246251565e-16,1.1937881985216736e-16,True
fraction_csp3,PHLDB1 (23187),0.9823327507733915,0.9846774518675518,0.0023447010941602953,3537.889966368377,1.1102230246251565e-16,1.1937881985216736e-16,True
fraction_csp3,NCKAP1 (10787),0.9823327507733915,0.984174561927621,0.0018418111542294335,2690.773784019579,1.1102230246251565e-16,1.1937881985216736e-16,True
logp,PTTG1IP (754),0.9823327507733915,0.9843672760361503,0.002034525262758713,3008.958911048117,1.1102230246251565e-16,1.1937881985216736e-16,True
num_negative_ionizable,IKZF1 (10320),0.9823327507733915,0.9823982232712534,6.547249786181819e-05,85.99837243095465,1.1102230246251565e-16,1.1937881985216736e-16,True
num_negative_ionizable,PARVA (55742),0.9823327507733915,0.9836972436085923,0.0013644928352007923,1935.0761056864583,1.1102230246251565e-16,1.1937881985216736e-16,True
num_negative_ionizable,CNN3 (1266),0.9823327507733915,0.9837790293607793,0.0014462785873877726,2061.4032097164463,1.1102230246251565e-16,1.1937881985216736e-16,True
num_negative_ionizable,CD151 (977),0.9823327507733915,0.9840293330585654,0.0016965822851738865,2456.0641441624766,1.1102230246251565e-16,1.1937881985216736e-16,True
num_negative_ionizable,FAM114A1 (92689),0.9823327507733915,0.9831230336523002,0.0007902828789086991,1082.6199320388573,1.1102230246251565e-16,1.1937881985216736e-16,True
num_negative_ionizable,PTTG1IP (754),0.9823327507733915,0.9832157634533891,0.0008830126799975746,1216.3349286009664,1.1102230246251565e-16,1.1937881985216736e-16,True
num_negative_ionizable,GNA11 (2767),0.9823327507733915,0.9844440986962498,0.0021113479228582754,3137.9965084192945,1.1102230246251565e-16,1.1937881985216736e-16,True
num_hydrophobic_pharmacophore,TEAD1 (7003),0.9823327507733915,0.983497583304898,0.0011648325315064545,1631.9384382301025,1.1102230246251565e-16,1.1937881985216736e-16,True
num_hydrophobic_pharmacophore,CUEDC1 (404093),0.9823327507733915,0.9838573755420179,0.0015246247686263592,2183.617957686528,1.1102230246251565e-16,1.1937881985216736e-16,True
num_hydrophobic_pharmacophore,BCAR1 (9564),0.9823327507733915,0.9834737957519831,0.0011410449785915766,1596.3108956614067,1.1102230246251565e-16,1.1937881985216736e-16,True
num_hydrophobic_pharmacophore,RAPH1 (65059),0.9823327507733915,0.9842489067978255,0.001916156024433957,2812.6001615428863,1.1102230246251565e-16,1.1937881985216736e-16,True
num_hydrophobic_pharmacophore,TJP1 (7082),0.9823327507733915,0.9848584256970085,0.002525674923616994,3856.508119006262,1.1102230246251565e-16,1.1937881985216736e-16,True
num_hydrophobic_pharmacophore,PTPN7 (5778),0.9823327507733915,0.9835165537662462,0.001183802992854699,1660.4249382482449,1.1102230246251565e-16,1.1937881985216736e-16,True
num_hydrophobic_pharmacophore,ARHGAP29 (9411),0.9823327507733915,0.9841776776913721,0.0018449269179805494,2695.856493863062,1.1102230246251565e-16,1.1937881985216736e-16,True
num_hydrophobic_pharmacophore,WFS1 (7466),0.9823327507733915,0.9828789342726537,0.000546183499262165,737.5570366960125,1.1102230246251565e-16,1.1937881985216736e-16,True
num_hydrophobic_pharmacophore,ERRFI1 (54206),0.9823327507733915,0.9844835576367166,0.0021508068633250277,3204.7716555015627,1.1102230246251565e-16,1.1937881985216736e-16,True
num_hydrophobic_pharmacophore,SNX21 (90203),0.9823327507733915,0.9845730161892644,0.002240265415872855,3357.424694964395,1.1102230246251565e-16,1.1937881985216736e-16,True
num_hydrophobic_pharmacophore,PHLDB1 (23187),0.9823327507733915,0.9845960337935402,0.0022632830201486653,3396.988978325167,1.1102230246251565e-16,1.1937881985216736e-16,True
num_hydrophobic_pharmacophore,NCKAP1 (10787),0.9823327507733915,0.9843074084459181,0.0019746576725265808,2909.2763442847445,1.1102230246251565e-16,1.1937881985216736e-16,True
ligand_sasa,WAS (7454),0.9823327507733915,0.9823835114461756,5.0760672784089245e-05,66.61865394926079,3.3306690738754696e-16,3.571763081903989e-16,True
ligand_surface_area,ERRFI1 (54206),0.9823327507733915,0.9823786883509473,4.5937577555776876e-05,60.272289273438815,8.548717289613705e-15,9.143013143971876e-15,True
spatial_distribution_x,PTTG1IP (754),0.9823327507733915,0.9823415924377489,8.841664357328582e-06,11.576314524437029,0.0006691035886561281,0.0007137104945665366,True
ligand_volume,CUEDC1 (404093),0.9823327507733915,0.982339281308682,6.530535290427686e-06,8.549254339677788,0.00345999130777197,0.003680841816778692,True
spatial_distribution_x,WFS1 (7466),0.9823327507733915,0.9823339763978758,1.2256244842356878e-06,1.6040077106066768,0.20534894247520263,0.2178768620426553,False
spatial_distribution_y,NCKAP1 (10787),0.9823327507733915,0.9820851630765717,-0.00024758769681987314,-319.5244017539221,1.0,1.0,False
spatial_distribution_y,WFS1 (7466),0.9823327507733915,0.9820325834417936,-0.00030016733159798914,-386.247443201603,1.0,1.0,False
pharmacophore_span,FAM114A1 (92689),0.9823327507733915,0.9815875507930586,-0.0007451999803329556,-935.7268743369483,1.0,1.0,False
pharmacophore_span,NCKAP1 (10787),0.9823327507733915,0.98174057895581,-0.0005921718175815327,-749.8053957653461,1.0,1.0,False
pharmacophore_span,PHLDB1 (23187),0.9823327507733915,0.981622018670226,-0.0007107321031655234,-894.1203024602589,1.0,1.0,False
max_negative_charge,WFS1 (7466),0.9823327507733915,0.9817461068611022,-0.000586643912289353,-743.0309331234673,1.0,1.0,False
max_negative_charge,TJP1 (7082),0.9823327507733915,0.9816259342717545,-0.0007068165016370642,-889.3838609018146,1.0,1.0,False
max_negative_charge,BCAR1 (9564),0.9823327507733915,0.9823202004699715,-1.255030342006691e-05,-16.412121335415403,1.0,1.0,False
pharmacophore_radius,WAS (7454),0.9823327507733915,0.9822744384557375,-5.831231765407452e-05,-76.05856552388217,1.0,1.0,False
ligand_efficiency,WAS (7454),0.9823327507733915,0.9823227182117766,-1.0032561614914393e-05,-13.12152101870624,1.0,1.0,False
ligand_volume,WAS (7454),0.9823327507733915,0.9820870203364802,-0.00024573043691134,-317.1603947589968,1.0,1.0,False
ligand_volume,SNX21 (90203),0.9823327507733915,0.9822625577545195,-7.019301887201124e-05,-91.4936084843265,1.0,1.0,False
ligand_volume,ARHGAP29 (9411),0.9823327507733915,0.9821528105831877,-0.00017994019020384222,-233.1020924557862,1.0,1.0,False
ligand_volume,PTPN7 (5778),0.9823327507733915,0.9821272131287906,-0.00020553764460096158,-265.88077043711036,1.0,1.0,False
ligand_surface_area,IKZF1 (10320),0.9823327507733915,0.9821429039215961,-0.000189846851795461,-245.79915985449477,1.0,1.0,False
ligand_surface_area,WAS (7454),0.9823327507733915,0.9818193990740532,-0.0005133516993383047,-652.8217266879934,1.0,1.0,False
ligand_surface_area,PTPN7 (5778),0.9823327507733915,0.9815866793840754,-0.0007460713893161497,-936.776743357819,1.0,1.0,False
ligand_surface_area,TJP1 (7082),0.9823327507733915,0.9817930349267961,-0.0005397158465954011,-685.3547707218637,1.0,1.0,False
spatial_distribution_x,IKZF1 (10320),0.9823327507733915,0.9815863355247905,-0.0007464152486010844,-937.1909958982242,1.0,1.0,False
spatial_distribution_x,ERRFI1 (54206),0.9823327507733915,0.9817766228807219,-0.0005561278926696778,-705.5595016425746,1.0,1.0,False
spatial_distribution_x,PTPN7 (5778),0.9823327507733915,0.9822891686671408,-4.358210625077241e-05,-56.89277242724153,1.0,1.0,False
spatial_distribution_x,RAPH1 (65059),0.9823327507733915,0.9821584413048687,-0.00017430946852281526,-225.87908271422472,1.0,1.0,False
spatial_distribution_x,TEAD1 (7003),0.9823327507733915,0.9819704911952539,-0.00036225957813762477,-464.54074468956014,1.0,1.0,False
