feature,mi_score
centroid_distance,0.020101279442084286
min_dist_to_protein,0.020101279442084286
hinge_MET769_min_dist,0.020101279442084286
hinge_MET769_contacts,0.020101279442084286
hinge_GLN767_min_dist,0.020101279442084286
hinge_GLN767_contacts,0.020101279442084286
hinge_LEU768_min_dist,0.020101279442084286
hinge_LEU768_contacts,0.020101279442084286
dfg_PHE832_min_dist,0.020101279442084286
dfg_PHE832_mean_dist,0.020101279442084286
dfg_PHE832_contacts,0.020101279442084286
dfg_GLY833_min_dist,0.020101279442084286
dfg_GLY833_contacts,0.020101279442084286
p_loop_GLY695_min_dist,0.020101279442084286
p_loop_GLY695_mean_dist,0.020101279442084286
p_loop_GLY697_min_dist,0.020101279442084286
p_loop_GLY697_mean_dist,0.020101279442084286
c_helix_GLU738_min_dist,0.020101279442084286
c_helix_GLU738_mean_dist,0.020101279442084286
c_helix_GLU738_contacts,0.020101279442084286
c_helix_LYS721_min_dist,0.020101279442084286
c_helix_LYS721_mean_dist,0.020101279442084286
c_helix_LYS721_contacts,0.020101279442084286
a_loop_ASP831_min_dist,0.020101279442084286
a_loop_ASP831_mean_dist,0.020101279442084286
a_loop_ASP831_contacts,0.020101279442084286
a_loop_LEU834_min_dist,0.020101279442084286
a_loop_LEU834_contacts,0.020101279442084286
selectivity_THR766_min_dist,0.020101279442084286
selectivity_THR766_contacts,0.020101279442084286
selectivity_LEU764_min_dist,0.020101279442084286
selectivity_LEU764_mean_dist,0.020101279442084286
selectivity_LEU764_contacts,0.020101279442084286
selectivity_VAL702_min_dist,0.020101279442084286
selectivity_VAL702_mean_dist,0.020101279442084286
selectivity_VAL702_contacts,0.020101279442084286
ligand_volume,0.020101279442084286
ligand_surface_area,0.020101279442084286
pca_variance_pc2,0.020101279442084286
pca_variance_pc3,0.020101279442084286
pca_axis1_x,0.020101279442084286
pca_axis1_y,0.020101279442084286
pca_axis1_z,0.020101279442084286
buried_surface_area,0.020101279442084286
num_polar_atoms,0.020101279442084286
total_energy_estimate,0.020101279442084286
num_nonpolar_atoms,0.020101279442084286
abs_total_charge,0.020101279442084286
total_charge,0.020101279442084286
polar_fraction,0.020101279442084286
max_negative_charge,0.020101279442084286
logp,0.020101279442084286
tpsa,0.020101279442084286
max_positive_charge,0.020101279442084286
num_rotatable_bonds,0.020101279442084286
ligand_sasa,3.3306690738754696e-16
shape_complementarity,3.3306690738754696e-16
ligand_centroid_z,3.3306690738754696e-16
